event_id,schedule_type,date,weekday,start_time,end_time,recurrence,faculty,course,stream,language,group_block,group_or_stream,faculty_course_stream,teacher_abbr,teacher_name,teacher_name_full,room,location,topic,needs_review,source_file,source_row,raw_line,search_blob,teacher_alias_blob,group_alias_blob,teacher_date_key,group_time_key
P0001,Практические занятия,,Понедельник,08:00,10:15,еженедельно,Стоматологический факультет,2.0,2 поток,RU,Стоматологический факультет 2 поток,7211,Стоматологический факультет / 2 курс / 2 поток,АГ,Чабан Алла Геннадьевна,Чабан Алла Геннадьевна,143,,,,Расписание_26_08_ФИНАЛ.docx,,7211 АГ 143,практические занятия | понедельник | 8:00 | 10:15 | 7211 | аг | чабан анна геннадьевна | 143,АГ | Чабан Анна Геннадьевна | Геннадьевна | Ч А Г,7211 | 7211 group | group 7211 | гр 7211 | группа 7211,АГ | ,7211 | Понедельник | 8:00-10:15
P0002,Практические занятия,,Понедельник,08:00,10:15,еженедельно,"МФИУ, Dentistry",2.0,,RU,"МФИУ, Dentistry ",6244,"МФИУ, Dentistry / 2 курс",ДАД,Данченко Александр Дмитриевич,Данченко Александр Дмитриевич,129,,,,Расписание_26_08_ФИНАЛ.docx,,6244  ДАД 129,практические занятия | понедельник | 8:00 | 10:15 | 6244 | дад | данченко александр дмитриевич | 129,ДАД | Данченко Александр Дмитриевич | Дмитриевич | Д А Д,6244 | 6244 group | group 6244 | гр 6244 | группа 6244,ДАД | ,6244 | Понедельник | 8:00-10:15
P0003,Практические занятия,,Вторник,08:00,10:15,еженедельно,Стоматологический факультет,2.0,2 поток,RU,Стоматологический факультет 2 поток,7213,Стоматологический факультет / 2 курс / 2 поток,ПТА,Пупа Татьяна Александровна,Пупа Татьяна Александровна,102,,,,Расписание_26_08_ФИНАЛ.docx,,7213 ПТА 102,практические занятия | вторник | 8:00 | 10:15 | 7213 | пта | пупа татьяна александровна | 102,ПТА | Пупа Татьяна Александровна | Александровна | П Т А,7213 | 7213 group | group 7213 | гр 7213 | группа 7213,ПТА | ,7213 | Вторник | 8:00-10:15
P0004,Практические занятия,,Среда,08:00,10:15,еженедельно,"МФИУ, Dentistry",2.0,,RU,"МФИУ, Dentistry ",6240,"МФИУ, Dentistry / 2 курс",ЛХ,Эль Сахмарани Латифа Холедовна,Эль Сахмарани Латифа Холедовна,102,,,,Расписание_26_08_ФИНАЛ.docx,,6240 МО 102,практические занятия | среда | 8:00 | 10:15 | 6240 | мо | абаимова мария олеговна | 102,МО | Абаимова Мария Олеговна | Олеговна | А М О,6240 | 6240 group | group 6240 | гр 6240 | группа 6240,МО | ,6240 | Среда | 8:00-10:15
P0005,Практические занятия,,Среда,08:00,10:15,еженедельно,"МФИУ, Dentistry",2.0,,RU,"МФИУ, Dentistry ",6245,"МФИУ, Dentistry / 2 курс",АГ,Чабан Алла Геннадьевна,Чабан Алла Геннадьевна,127,,,,Расписание_26_08_ФИНАЛ.docx,,6245 АГ 128,практические занятия | среда | 8:00 | 10:15 | 6245 | аг | чабан анна геннадьевна | 128,АГ | Чабан Анна Геннадьевна | Геннадьевна | Ч А Г,6245 | 6245 group | group 6245 | гр 6245 | группа 6245,АГ | ,6245 | Среда | 8:00-10:15
P0006,Практические занятия,,Четверг,08:00,10:15,еженедельно,Стоматологический факультет,2.0,1 поток,RU,Стоматологический факультет 1 поток,7208,Стоматологический факультет / 2 курс / 1 поток,ПАИ,Печурский Алексей Ильич,Печурский Алексей Ильич,127,,,,Расписание_26_08_ФИНАЛ.docx,,7208  ПАИ 127,практические занятия | четверг | 8:00 | 10:15 | 7208 | паи | печурский александр игоревич | 127,ПАИ | Печурский Александр Игоревич | Игоревич | П А И,7208 | 7208 group | group 7208 | гр 7208 | группа 7208,ПАИ | ,7208 | Четверг | 8:00-10:15
P0007,Практические занятия,,Четверг,08:00,10:15,еженедельно,Стоматологический факультет,2.0,2 поток,RU,Стоматологический факультет 2 поток,7212,Стоматологический факультет / 2 курс / 2 поток,ФВН,Фоменко Виктор Николаевич,Фоменко Виктор Николаевич,128,,,,Расписание_26_08_ФИНАЛ.docx,,7212  ФВН 128,практические занятия | четверг | 8:00 | 10:15 | 7212 | фвн | фоменко виктор николаевич | 128,ФВН | Фоменко Виктор Николаевич | Николаевич | Ф В Н,7212 | 7212 group | group 7212 | гр 7212 | группа 7212,ФВН | ,7212 | Четверг | 8:00-10:15
P0008,Практические занятия,,Пятница,08:00,10:15,еженедельно,Стоматологический факультет,2.0,1 поток,RU,Стоматологический факультет 1 поток,7201,Стоматологический факультет / 2 курс / 1 поток,СИА,Сергеев Иван Алексеевич,Сергеев Иван Алексеевич,102,,,,Расписание_26_08_ФИНАЛ.docx,,7201 СИА 102,практические занятия | пятница | 8:00 | 10:15 | 7201 | сиа | сергеев иван александрович | 102,СИА | Сергеев Иван Алексеевич | Александрович | С И А,7201 | 7201 group | group 7201 | гр 7201 | группа 7201,СИА | ,7201 | Пятница | 8:00-10:15
P0009,Практические занятия,,Среда,08:00,10:15,еженедельно,Фармацевтический факультет,1.0,,RU,Фармацевтический факультет ,8101,Фармацевтический факультет / 1 курс,ТП,Голодок Татьяна Петровна,Голодок Татьяна Петровна,128,,,,Расписание_26_08_ФИНАЛ.docx,,8101  ТП 127,практические занятия | среда | 8:00 | 10:15 | 8101 | тп | голодок татьяна павловна | 127,ТП | Голодок Татьяна Павловна | Павловна | Г Т П,8101 | 8101 group | group 8101 | гр 8101 | группа 8101,ТП | ,8101 | Среда | 8:00-10:15
P0010,Практические занятия,,Четверг,08:00,10:15,еженедельно,Фармацевтический факультет,1.0,,RU,Фармацевтический факультет ,8102,Фармацевтический факультет / 1 курс,ТП,Голодок Татьяна Петровна,Голодок Татьяна Петровна,143,,,,Расписание_26_08_ФИНАЛ.docx,,8102  ТП 143,практические занятия | четверг | 8:00 | 10:15 | 8102 | тп | голодок татьяна павловна | 143,ТП | Голодок Татьяна Павловна | Павловна | Г Т П,8102 | 8102 group | group 8102 | гр 8102 | группа 8102,ТП | ,8102 | Четверг | 8:00-10:15
P0011,Практические занятия,,Понедельник,08:00,11:00,еженедельно,Педиатрический факультет,2.0,,RU,Педиатрический факультет ,2214,Педиатрический факультет / 2 курс,ФВН,Фоменко Виктор Николаевич,Фоменко Виктор Николаевич,127,,,,Расписание_26_08_ФИНАЛ.docx,,2214 ФВН 127,практические занятия | понедельник | 8:00 | 11:00 | 2214 | фвн | фоменко виктор николаевич | 127,ФВН | Фоменко Виктор Николаевич | Николаевич | Ф В Н,2214 | 2214 group | group 2214 | гр 2214 | группа 2214,ФВН | ,2214 | Понедельник | 8:00-11:00
P0012,Практические занятия,,Понедельник,08:00,11:00,еженедельно,Педиатрический факультет,2.0,,RU,Педиатрический факультет ,2215,Педиатрический факультет / 2 курс,ГАЛ,Григорьян Анастасия Леонтьевна,Григорьян Анастасия Леонтьевна,142-2,,,,Расписание_26_08_ФИНАЛ.docx,,2215 ГАЛ 142-2,практические занятия | понедельник | 8:00 | 11:00 | 2215 | гал | григорьян анастасия леонтьевна | 142-2,ГАЛ | Григорьян Анастасия Леонтьевна | Леонтьевна | Г А Л,2215 | 2215 group | group 2215 | гр 2215 | группа 2215,ГАЛ | ,2215 | Понедельник | 8:00-11:00
P0013,Практические занятия,,Понедельник,08:00,11:00,еженедельно,Военно-медицинский институт,2.0,,RU,Военно-медицинский институт ,4201,Военно-медицинский институт / 2 курс,ВИВ,Власенко Василий Иванович,Власенко Василий Иванович,133,,,,Расписание_26_08_ФИНАЛ.docx,,4201 ВИВ 133,практические занятия | понедельник | 8:00 | 11:00 | 4201 | вив | власенко виктория ивановна | 133,ВИВ | Власенко Василий Иванович | Ивановна | В В И,4201 | 4201 group | group 4201 | гр 4201 | группа 4201,ВИВ | ,4201 | Понедельник | 8:00-11:00
P0014,Практические занятия,,Понедельник,08:00,11:00,еженедельно,"МФИУ, General Medicine",2.0,1 поток,EN,"МФИУ, General Medicine 1 поток",6223ая,"МФИУ, General Medicine / 2 курс / 1 поток",ЮВ,Гайкович Юлия Владимировна,Гайкович Юлия Владимировна,142-1,,,,Расписание_26_08_ФИНАЛ.docx,,6223ая ЮВ 142-1,практические занятия | понедельник | 8:00 | 11:00 | 6223ая | юв | гайкович юлия владимировна | 142-1,ЮВ | Гайкович Юлия Владимировна | Владимировна | Г Ю В,6223ая | 6223ая group | group 6223ая | гр 6223ая | группа 6223ая,ЮВ | ,6223ая | Понедельник | 8:00-11:00
P0015,Практические занятия,,Вторник,08:00,11:00,еженедельно,Педиатрический факультет,2.0,,RU,Педиатрический факультет ,2207,Педиатрический факультет / 2 курс,ЛХ,Эль Сахмарани Латифа Холедовна,Эль Сахмарани Латифа Холедовна,127,,,,Расписание_26_08_ФИНАЛ.docx,,2207  ЛХ 127,практические занятия | вторник | 8:00 | 11:00 | 2207 | лх | эль самархани латифа холедовна | 127,ЛХ | Эль Сахмарани Латифа Холедовна | Холедовна | Э С Л Х,2207 | 2207 group | group 2207 | гр 2207 | группа 2207,ЛХ | ,2207 | Вторник | 8:00-11:00
P0016,Практические занятия,,Вторник,08:00,11:00,еженедельно,Педиатрический факультет,2.0,,RU,Педиатрический факультет ,2208,Педиатрический факультет / 2 курс,ВД,Водянова Валерия Дмитриевна,Водянова Валерия Дмитриевна,128,,,,Расписание_26_08_ФИНАЛ.docx,,2208  ВД 128,практические занятия | вторник | 8:00 | 11:00 | 2208 | вд | водянова виктория дмитриевна | 128,ВД | Водянова Валерия Дмитриевна | Дмитриевна | В В Д,2208 | 2208 group | group 2208 | гр 2208 | группа 2208,ВД | ,2208 | Вторник | 8:00-11:00
P0017,Практические занятия,,Вторник,08:00,11:00,еженедельно,Педиатрический факультет,2.0,,RU,Педиатрический факультет ,2212,Педиатрический факультет / 2 курс,ТП,Голодок Татьяна Петровна,Голодок Татьяна Петровна,143,,,,Расписание_26_08_ФИНАЛ.docx,,2212  ТП 143,практические занятия | вторник | 8:00 | 11:00 | 2212 | тп | голодок татьяна павловна | 143,ТП | Голодок Татьяна Павловна | Павловна | Г Т П,2212 | 2212 group | group 2212 | гр 2212 | группа 2212,ТП | ,2212 | Вторник | 8:00-11:00
P0018,Практические занятия,,Вторник,08:00,11:00,еженедельно,Лечебный факультет,2.0,1 поток,RU,Лечебный факультет 1 поток,1209,Лечебный факультет / 2 курс / 1 поток,ВИВ,Власенко Василий Иванович,Власенко Василий Иванович,133,,,,Расписание_26_08_ФИНАЛ.docx,,1209  ВИВ 133,практические занятия | вторник | 8:00 | 11:00 | 1209 | вив | власенко виктория ивановна | 133,ВИВ | Власенко Василий Иванович | Ивановна | В В И,1209 | 1209 group | group 1209 | гр 1209 | группа 1209,ВИВ | ,1209 | Вторник | 8:00-11:00
P0019,Практические занятия,,Вторник,08:00,11:00,еженедельно,"МФИУ, General Medicine",2.0,2 поток,EN,"МФИУ, General Medicine 2 поток",6228ая,"МФИУ, General Medicine / 2 курс / 2 поток",ДА,Александров Денис Александрович,Александров Денис Александрович,142-2,,,,Расписание_26_08_ФИНАЛ.docx,,6228ая ДА 142-2,практические занятия | вторник | 8:00 | 11:00 | 6228ая | да | александров денис александрович | 142-2,ДА | Александров Денис Александрович | Александрович | А Д А,6228ая | 6228ая group | group 6228ая | гр 6228ая | группа 6228ая,ДА | ,6228ая | Вторник | 8:00-11:00
P0020,Практические занятия,,Вторник,08:00,11:00,еженедельно,"МФИУ, General Medicine",2.0,2 поток,EN,"МФИУ, General Medicine 2 поток",6229ая,"МФИУ, General Medicine / 2 курс / 2 поток",ЮВ,Гайкович Юлия Владимировна,Гайкович Юлия Владимировна,142-1,,,,Расписание_26_08_ФИНАЛ.docx,,6229ая ЮВ 142-1,практические занятия | вторник | 8:00 | 11:00 | 6229ая | юв | гайкович юлия владимировна | 142-1,ЮВ | Гайкович Юлия Владимировна | Владимировна | Г Ю В,6229ая | 6229ая group | group 6229ая | гр 6229ая | группа 6229ая,ЮВ | ,6229ая | Вторник | 8:00-11:00
P0021,Практические занятия,,Среда,08:00,11:00,еженедельно,Педиатрический факультет,2.0,,RU,Педиатрический факультет ,2209,Педиатрический факультет / 2 курс,СИА,Сергеев Иван Алексеевич,Сергеев Иван Алексеевич,143,,,,Расписание_26_08_ФИНАЛ.docx,,2209  СИА 143,практические занятия | среда | 8:00 | 11:00 | 2209 | сиа | сергеев иван александрович | 143,СИА | Сергеев Иван Алексеевич | Александрович | С И А,2209 | 2209 group | group 2209 | гр 2209 | группа 2209,СИА | ,2209 | Среда | 8:00-11:00
P0022,Практические занятия,,Среда,08:00,11:00,еженедельно,Педиатрический факультет,2.0,,RU,Педиатрический факультет ,2210,Педиатрический факультет / 2 курс,ВИВ,Власенко Василий Иванович,Власенко Василий Иванович,133,,,,Расписание_26_08_ФИНАЛ.docx,,2210  ВИВ 133,практические занятия | среда | 8:00 | 11:00 | 2210 | вив | власенко виктория ивановна | 133,ВИВ | Власенко Василий Иванович | Ивановна | В В И,2210 | 2210 group | group 2210 | гр 2210 | группа 2210,ВИВ | ,2210 | Среда | 8:00-11:00
P0023,Практические занятия,,Среда,08:00,11:00,еженедельно,Лечебный факультет,2.0,1 поток,RU,Лечебный факультет 1 поток,1210,Лечебный факультет / 2 курс / 1 поток,ГАЛ,Григорьян Анастасия Леонтьевна,Григорьян Анастасия Леонтьевна,142-2,,,,Расписание_26_08_ФИНАЛ.docx,,1210  ГАЛ 142-2,практические занятия | среда | 8:00 | 11:00 | 1210 | гал | григорьян анастасия леонтьевна | 142-2,ГАЛ | Григорьян Анастасия Леонтьевна | Леонтьевна | Г А Л,1210 | 1210 group | group 1210 | гр 1210 | группа 1210,ГАЛ | ,1210 | Среда | 8:00-11:00
P0024,Практические занятия,,Среда,08:00,11:00,еженедельно,"МФИУ, General Medicine",2.0,1 поток,RU,"МФИУ, General Medicine 1 поток",6201,"МФИУ, General Medicine / 2 курс / 1 поток",ДАД,Данченко Александр Дмитриевич,Данченко Александр Дмитриевич,129,,,,Расписание_26_08_ФИНАЛ.docx,,6201 ДАД 129,практические занятия | среда | 8:00 | 11:00 | 6201 | дад | данченко александр дмитриевич | 129,ДАД | Данченко Александр Дмитриевич | Дмитриевич | Д А Д,6201 | 6201 group | group 6201 | гр 6201 | группа 6201,ДАД | ,6201 | Среда | 8:00-11:00
P0025,Практические занятия,,Среда,08:00,11:00,еженедельно,"МФИУ, General Medicine",2.0,2 поток,EN,"МФИУ, General Medicine 2 поток",6227ая,"МФИУ, General Medicine / 2 курс / 2 поток",ЮВ,Гайкович Юлия Владимировна,Гайкович Юлия Владимировна,142-1,,,,Расписание_26_08_ФИНАЛ.docx,,6227ая ЮВ 142-1 /,практические занятия | среда | 8:00 | 11:00 | 6227ая | юв | гайкович юлия владимировна | 142-1,ЮВ | Гайкович Юлия Владимировна | Владимировна | Г Ю В,6227ая | 6227ая group | group 6227ая | гр 6227ая | группа 6227ая,ЮВ | ,6227ая | Среда | 8:00-11:00
P0026,Практические занятия,,Четверг,08:00,11:00,еженедельно,Лечебный факультет,2.0,3 поток,RU,Лечебный факультет 3 поток,1221,Лечебный факультет / 2 курс / 3 поток,ВИВ,Власенко Василий Иванович,Власенко Василий Иванович,133,,,,Расписание_26_08_ФИНАЛ.docx,,1221 ВИВ 133,практические занятия | четверг | 8:00 | 11:00 | 1221 | вив | власенко виктория ивановна | 133,ВИВ | Власенко Василий Иванович | Ивановна | В В И,1221 | 1221 group | group 1221 | гр 1221 | группа 1221,ВИВ | ,1221 | Четверг | 8:00-11:00
P0027,Практические занятия,,Четверг,08:00,11:00,еженедельно,Лечебный факультет,2.0,3 поток,RU,Лечебный факультет 3 поток,1225,Лечебный факультет / 2 курс / 3 поток,АГ,Чабан Алла Геннадьевна,Чабан Алла Геннадьевна,142-2,,,,Расписание_26_08_ФИНАЛ.docx,,1225  АГ 142-2,практические занятия | четверг | 8:00 | 11:00 | 1225 | аг | чабан анна геннадьевна | 142-2,АГ | Чабан Анна Геннадьевна | Геннадьевна | Ч А Г,1225 | 1225 group | group 1225 | гр 1225 | группа 1225,АГ | ,1225 | Четверг | 8:00-11:00
P0028,Практические занятия,,Четверг,08:00,11:00,еженедельно,"МФИУ, General Medicine",2.0,1 поток,RU,"МФИУ, General Medicine 1 поток",6203,"МФИУ, General Medicine / 2 курс / 1 поток",ДАД,Данченко Александр Дмитриевич,Данченко Александр Дмитриевич,129,компьютерный класс,,,Расписание_26_08_ФИНАЛ.docx,,6203  ДАД 129 (в комп в 10.30),практические занятия | четверг | 8:00 | 11:00 | 6203 | дад | данченко александр дмитриевич | 129 | компьютерный класс,ДАД | Данченко Александр Дмитриевич | Дмитриевич | Д А Д,6203 | 6203 group | group 6203 | гр 6203 | группа 6203,ДАД | ,6203 | Четверг | 8:00-11:00
P0029,Практические занятия,,Четверг,08:00,11:00,еженедельно,"МФИУ, General Medicine",2.0,1 поток,EN,"МФИУ, General Medicine 1 поток",6218ая,"МФИУ, General Medicine / 2 курс / 1 поток",ГАЛ,Григорьян Анастасия Леонтьевна,Григорьян Анастасия Леонтьевна,142-1,,,,Расписание_26_08_ФИНАЛ.docx,,6218ая  ГАЛ 142-1,практические занятия | четверг | 8:00 | 11:00 | 6218ая | гал | григорьян анастасия леонтьевна | 142-1,ГАЛ | Григорьян Анастасия Леонтьевна | Леонтьевна | Г А Л,6218ая | 6218ая group | group 6218ая | гр 6218ая | группа 6218ая,ГАЛ | ,6218ая | Четверг | 8:00-11:00
P0030,Практические занятия,,Четверг,08:00,11:00,еженедельно,"МФИУ, General Medicine",2.0,1 поток,EN,"МФИУ, General Medicine 1 поток",6219ая,"МФИУ, General Medicine / 2 курс / 1 поток",ПТА,Пупа Татьяна Александровна,Пупа Татьяна Александровна,102,,,,Расписание_26_08_ФИНАЛ.docx,,6219ая ПТА 102,практические занятия | четверг | 8:00 | 11:00 | 6219ая | пта | пупа татьяна александровна | 102,ПТА | Пупа Татьяна Александровна | Александровна | П Т А,6219ая | 6219ая group | group 6219ая | гр 6219ая | группа 6219ая,ПТА | ,6219ая | Четверг | 8:00-11:00
P0031,Практические занятия,,Пятница,08:00,11:00,еженедельно,Педиатрический факультет,2.0,,RU,Педиатрический факультет ,2204,Педиатрический факультет / 2 курс,ЮВ,Гайкович Юлия Владимировна,Гайкович Юлия Владимировна,142-1,,,,Расписание_26_08_ФИНАЛ.docx,,2204  ЮВ 142-1,практические занятия | пятница | 8:00 | 11:00 | 2204 | юв | гайкович юлия владимировна | 142-1,ЮВ | Гайкович Юлия Владимировна | Владимировна | Г Ю В,2204 | 2204 group | group 2204 | гр 2204 | группа 2204,ЮВ | ,2204 | Пятница | 8:00-11:00
P0032,Практические занятия,,Пятница,08:00,11:00,еженедельно,Лечебный факультет,2.0,3 поток,RU,Лечебный факультет 3 поток,1222,Лечебный факультет / 2 курс / 3 поток,ГАЛ,Григорьян Анастасия Леонтьевна,Григорьян Анастасия Леонтьевна,128,,,,Расписание_26_08_ФИНАЛ.docx,,1222  ГАЛ 128,практические занятия | пятница | 8:00 | 11:00 | 1222 | гал | григорьян анастасия леонтьевна | 128,ГАЛ | Григорьян Анастасия Леонтьевна | Леонтьевна | Г А Л,1222 | 1222 group | group 1222 | гр 1222 | группа 1222,ГАЛ | ,1222 | Пятница | 8:00-11:00
P0033,Практические занятия,,Пятница,08:00,11:00,еженедельно,Лечебный факультет,2.0,3 поток,RU,Лечебный факультет 3 поток,1230,Лечебный факультет / 2 курс / 3 поток,ПТА,Пупа Татьяна Александровна,Пупа Татьяна Александровна,142-2,,,,Расписание_26_08_ФИНАЛ.docx,,1230 ПТА 142-2,практические занятия | пятница | 8:00 | 11:00 | 1230 | пта | пупа татьяна александровна | 142-2,ПТА | Пупа Татьяна Александровна | Александровна | П Т А,1230 | 1230 group | group 1230 | гр 1230 | группа 1230,ПТА | ,1230 | Пятница | 8:00-11:00
P0034,Практические занятия,,Пятница,08:00,11:00,еженедельно,"МФИУ, General Medicine",2.0,1 поток,RU,"МФИУ, General Medicine 1 поток",6204,"МФИУ, General Medicine / 2 курс / 1 поток",ПАИ,Печурский Алексей Ильич,Печурский Алексей Ильич,130,,,,Расписание_26_08_ФИНАЛ.docx,,6204  ПАИ 130,практические занятия | пятница | 8:00 | 11:00 | 6204 | паи | печурский александр игоревич | 130,ПАИ | Печурский Александр Игоревич | Игоревич | П А И,6204 | 6204 group | group 6204 | гр 6204 | группа 6204,ПАИ | ,6204 | Пятница | 8:00-11:00
P0035,Практические занятия,,Понедельник,08:00,11:50,еженедельно,Медико-профилактический факультет,2.0,,RU,Медико-профилактический факультет ,3203,Медико-профилактический факультет / 2 курс,ПАИ,Печурский Алексей Ильич,Печурский Алексей Ильич,130,,,,Расписание_26_08_ФИНАЛ.docx,,3203  ПАИ 130,практические занятия | понедельник | 8:00 | 11:50 | 3203 | паи | печурский александр игоревич | 130,ПАИ | Печурский Александр Игоревич | Игоревич | П А И,3203 | 3203 group | group 3203 | гр 3203 | группа 3203,ПАИ | ,3203 | Понедельник | 8:00-11:50
P0036,Практические занятия,,Понедельник,08:00,11:50,еженедельно,Медико-профилактический факультет,2.0,,RU,Медико-профилактический факультет ,3207,Медико-профилактический факультет / 2 курс,ЛХ,Эль Сахмарани Латифа Холедовна,Эль Сахмарани Латифа Холедовна,102,,,,Расписание_26_08_ФИНАЛ.docx,,3207  ЛХ 102,практические занятия | понедельник | 8:00 | 11:50 | 3207 | лх | эль самархани латифа холедовна | 102,ЛХ | Эль Сахмарани Латифа Холедовна | Холедовна | Э С Л Х,3207 | 3207 group | group 3207 | гр 3207 | группа 3207,ЛХ | ,3207 | Понедельник | 8:00-11:50
P0037,Практические занятия,,Вторник,08:00,11:50,еженедельно,Медико-профилактический факультет,2.0,,RU,Медико-профилактический факультет ,3205,Медико-профилактический факультет / 2 курс,ПВА,Переверзев Владимир Алексеевич,Переверзев Владимир Алексеевич,130,,,,Расписание_26_08_ФИНАЛ.docx,,3205 ПВА 130,практические занятия | вторник | 8:00 | 11:50 | 3205 | пва | переверзев владимир алексеевич | 130,ПВА | Переверзев Владимир Алексеевич | Алексеевич | П В А,3205 | 3205 group | group 3205 | гр 3205 | группа 3205,ПВА | ,3205 | Вторник | 8:00-11:50
P0038,Практические занятия,,Среда,08:00,11:50,еженедельно,Медико-профилактический факультет,2.0,,RU,Медико-профилактический факультет ,3204,Медико-профилактический факультет / 2 курс,ПВА,Переверзев Владимир Алексеевич,Переверзев Владимир Алексеевич,130,,,,Расписание_26_08_ФИНАЛ.docx,,3204 ПВА 130,практические занятия | среда | 8:00 | 11:50 | 3204 | пва | переверзев владимир алексеевич | 130,ПВА | Переверзев Владимир Алексеевич | Алексеевич | П В А,3204 | 3204 group | group 3204 | гр 3204 | группа 3204,ПВА | ,3204 | Среда | 8:00-11:50
P0039,Практические занятия,,Четверг,08:00,11:50,еженедельно,Медико-профилактический факультет,2.0,,RU,Медико-профилактический факультет ,3208,Медико-профилактический факультет / 2 курс,ПВА,Переверзев Владимир Алексеевич,Переверзев Владимир Алексеевич,130,компьютерный класс,,,Расписание_26_08_ФИНАЛ.docx,,3208  ПВА 130 (в комп в 11.25),практические занятия | четверг | 8:00 | 11:50 | 3208 | пва | переверзев владимир алексеевич | 130 | компьютерный класс,ПВА | Переверзев Владимир Алексеевич | Алексеевич | П В А,3208 | 3208 group | group 3208 | гр 3208 | группа 3208,ПВА | ,3208 | Четверг | 8:00-11:50
P0040,Практические занятия,,Пятница,08:00,11:50,еженедельно,Медико-профилактический факультет,2.0,,RU,Медико-профилактический факультет ,3201,Медико-профилактический факультет / 2 курс,ЛХ,Эль Сахмарани Латифа Холедовна,Эль Сахмарани Латифа Холедовна,127,,,,Расписание_26_08_ФИНАЛ.docx,,3201 ЛХ 127,практические занятия | пятница | 8:00 | 11:50 | 3201 | лх | эль самархани латифа холедовна | 127,ЛХ | Эль Сахмарани Латифа Холедовна | Холедовна | Э С Л Х,3201 | 3201 group | group 3201 | гр 3201 | группа 3201,ЛХ | ,3201 | Пятница | 8:00-11:50
P0041,Практические занятия,,Пятница,08:00,11:50,еженедельно,Медико-профилактический факультет,2.0,,RU,Медико-профилактический факультет ,3202,Медико-профилактический факультет / 2 курс,ВД,Водянова Валерия Дмитриевна,Водянова Валерия Дмитриевна,133,,,,Расписание_26_08_ФИНАЛ.docx,,3202  ВД 133,практические занятия | пятница | 8:00 | 11:50 | 3202 | вд | водянова виктория дмитриевна | 133,ВД | Водянова Валерия Дмитриевна | Дмитриевна | В В Д,3202 | 3202 group | group 3202 | гр 3202 | группа 3202,ВД | ,3202 | Пятница | 8:00-11:50
P0042,Практические занятия,,Пятница,08:00,11:50,еженедельно,Медико-профилактический факультет,2.0,,RU,Медико-профилактический факультет ,3206,Медико-профилактический факультет / 2 курс,ФВН,Фоменко Виктор Николаевич,Фоменко Виктор Николаевич,129,,,,Расписание_26_08_ФИНАЛ.docx,,3206 ФВН 129,практические занятия | пятница | 8:00 | 11:50 | 3206 | фвн | фоменко виктор николаевич | 129,ФВН | Фоменко Виктор Николаевич | Николаевич | Ф В Н,3206 | 3206 group | group 3206 | гр 3206 | группа 3206,ФВН | ,3206 | Пятница | 8:00-11:50
P0043,Практические занятия,,Четверг,10:20,12:35,еженедельно,Фармацевтический факультет,1.0,,RU,Фармацевтический факультет ,8105,Фармацевтический факультет / 1 курс,ВД,Водянова Валерия Дмитриевна,Водянова Валерия Дмитриевна,143,,,,Расписание_26_08_ФИНАЛ.docx,,8105  ВД 143,практические занятия | четверг | 10:20 | 12:35 | 8105 | вд | водянова виктория дмитриевна | 143,ВД | Водянова Валерия Дмитриевна | Дмитриевна | В В Д,8105 | 8105 group | group 8105 | гр 8105 | группа 8105,ВД | ,8105 | Четверг | 10:20-12:35
P0044,Практические занятия,,Среда,10:25,13:25,еженедельно,Лечебный факультет,2.0,3 поток,RU,Лечебный факультет 3 поток,1226,Лечебный факультет / 2 курс / 3 поток,ПТА,Пупа Татьяна Александровна,Пупа Татьяна Александровна,127,,,,Расписание_26_08_ФИНАЛ.docx,,1226 ПТА 127,практические занятия | среда | 10:25 | 13:25 | 1226 | пта | пупа татьяна александровна | 127,ПТА | Пупа Татьяна Александровна | Александровна | П Т А,1226 | 1226 group | group 1226 | гр 1226 | группа 1226,ПТА | ,1226 | Среда | 10:25-13:25
P0045,Практические занятия,,Вторник,10:30,12:45,еженедельно,Фармацевтический факультет,1.0,,RU,Фармацевтический факультет ,8108,Фармацевтический факультет / 1 курс,ПАИ,Печурский Алексей Ильич,Печурский Алексей Ильич,102,,,,Расписание_26_08_ФИНАЛ.docx,,8108  ПАИ 102,практические занятия | вторник | 10:30 | 12:45 | 8108 | паи | печурский александр игоревич | 102,ПАИ | Печурский Александр Игоревич | Игоревич | П А И,8108 | 8108 group | group 8108 | гр 8108 | группа 8108,ПАИ | ,8108 | Вторник | 10:30-12:45
P0046,Практические занятия,,Среда,10:30,12:45,еженедельно,"МФИУ, Pharmacy",1.0,,RU,"МФИУ, Pharmacy ",6160,"МФИУ, Pharmacy / 1 курс",ЛХ,Эль Сахмарани Латифа Холедовна,Эль Сахмарани Латифа Холедовна,102,,,,Расписание_26_08_ФИНАЛ.docx,,6160 МО 102,практические занятия | среда | 10:30 | 12:45 | 6160 | мо | абаимова мария олеговна | 102,МО | Абаимова Мария Олеговна | Олеговна | А М О,6160 | 6160 group | group 6160 | гр 6160 | группа 6160,МО | ,6160 | Среда | 10:30-12:45
P0047,Практические занятия,,Четверг,10:30,12:45,еженедельно,Фармацевтический факультет,1.0,,RU,Фармацевтический факультет ,8104,Фармацевтический факультет / 1 курс,ТП,Голодок Татьяна Петровна,Голодок Татьяна Петровна,127,,,,Расписание_26_08_ФИНАЛ.docx,,8104  ТП 127,практические занятия | четверг | 10:30 | 12:45 | 8104 | тп | голодок татьяна павловна | 127,ТП | Голодок Татьяна Павловна | Павловна | Г Т П,8104 | 8104 group | group 8104 | гр 8104 | группа 8104,ТП | ,8104 | Четверг | 10:30-12:45
P0048,Практические занятия,,Понедельник,10:30,12:45,еженедельно,Стоматологический факультет,2.0,1 поток,RU,Стоматологический факультет 1 поток,7207,Стоматологический факультет / 2 курс / 1 поток,ВД,Водянова Валерия Дмитриевна,Водянова Валерия Дмитриевна,129,,,,Расписание_26_08_ФИНАЛ.docx,,7207  ВД 129,практические занятия | понедельник | 10:30 | 12:45 | 7207 | вд | водянова виктория дмитриевна | 129,ВД | Водянова Валерия Дмитриевна | Дмитриевна | В В Д,7207 | 7207 group | group 7207 | гр 7207 | группа 7207,ВД | ,7207 | Понедельник | 10:30-12:45
P0049,Практические занятия,,Понедельник,10:30,12:45,еженедельно,Стоматологический факультет,2.0,2 поток,RU,Стоматологический факультет 2 поток,7214,Стоматологический факультет / 2 курс / 2 поток,АГ,Чабан Алла Геннадьевна,Чабан Алла Геннадьевна,143,,,,Расписание_26_08_ФИНАЛ.docx,,7214  АГ 143,практические занятия | понедельник | 10:30 | 12:45 | 7214 | аг | чабан анна геннадьевна | 143,АГ | Чабан Анна Геннадьевна | Геннадьевна | Ч А Г,7214 | 7214 group | group 7214 | гр 7214 | группа 7214,АГ | ,7214 | Понедельник | 10:30-12:45
P0050,Практические занятия,,Среда,10:30,12:45,еженедельно,Стоматологический факультет,2.0,1 поток,RU,Стоматологический факультет 1 поток,7203,Стоматологический факультет / 2 курс / 1 поток,МО,Абаимова Маргарита Омистеровна,Абаимова Маргарита Омистеровна,128,,,,Расписание_26_08_ФИНАЛ.docx,,7203 ЛХ 128,практические занятия | среда | 10:30 | 12:45 | 7203 | лх | эль самархани латифа холедовна | 128,ЛХ | Эль Сахмарани Латифа Холедовна | Холедовна | Э С Л Х,7203 | 7203 group | group 7203 | гр 7203 | группа 7203,ЛХ | ,7203 | Среда | 10:30-12:45
P0051,Практические занятия,,Четверг,10:30,12:45,еженедельно,Стоматологический факультет,2.0,1 поток,RU,Стоматологический факультет 1 поток,7205,Стоматологический факультет / 2 курс / 1 поток,ЛХ,Эль Сахмарани Латифа Холедовна,Эль Сахмарани Латифа Холедовна,128,,,,Расписание_26_08_ФИНАЛ.docx,,7205  ЛХ 128,практические занятия | четверг | 10:30 | 12:45 | 7205 | лх | эль самархани латифа холедовна | 128,ЛХ | Эль Сахмарани Латифа Холедовна | Холедовна | Э С Л Х,7205 | 7205 group | group 7205 | гр 7205 | группа 7205,ЛХ | ,7205 | Четверг | 10:30-12:45
P0052,Практические занятия,,Четверг,10:30,12:45,еженедельно,Стоматологический факультет,2.0,2 поток,RU,Стоматологический факультет 2 поток,7210,Стоматологический факультет / 2 курс / 2 поток,СИА,Сергеев Иван Алексеевич,Сергеев Иван Алексеевич,129,,,,Расписание_26_08_ФИНАЛ.docx,,7210  СИА 129,практические занятия | четверг | 10:30 | 12:45 | 7210 | сиа | сергеев иван александрович | 129,СИА | Сергеев Иван Алексеевич | Александрович | С И А,7210 | 7210 group | group 7210 | гр 7210 | группа 7210,СИА | ,7210 | Четверг | 10:30-12:45
P0053,Практические занятия,,Пятница,10:30,12:45,еженедельно,Стоматологический факультет,2.0,1 поток,RU,Стоматологический факультет 1 поток,7204,Стоматологический факультет / 2 курс / 1 поток,СИА,Сергеев Иван Алексеевич,Сергеев Иван Алексеевич,102,,,,Расписание_26_08_ФИНАЛ.docx,,7204  СИА 102,практические занятия | пятница | 10:30 | 12:45 | 7204 | сиа | сергеев иван александрович | 102,СИА | Сергеев Иван Алексеевич | Александрович | С И А,7204 | 7204 group | group 7204 | гр 7204 | группа 7204,СИА | ,7204 | Пятница | 10:30-12:45
P0054,Практические занятия,,Пятница,10:45,13:00,еженедельно,Фармацевтический факультет,1.0,,RU,Фармацевтический факультет ,8103,Фармацевтический факультет / 1 курс,ТП,Голодок Татьяна Петровна,Голодок Татьяна Петровна,143,,,,Расписание_26_08_ФИНАЛ.docx,,8103 ТП 143,практические занятия | пятница | 10:45 | 13:00 | 8103 | тп | голодок татьяна павловна | 143,ТП | Голодок Татьяна Павловна | Павловна | Г Т П,8103 | 8103 group | group 8103 | гр 8103 | группа 8103,ТП | ,8103 | Пятница | 10:45-13:00
P0055,Практические занятия,,Понедельник,11:20,14:20,еженедельно,Лечебный факультет,2.0,2 поток,RU,Лечебный факультет 2 поток,1211,Лечебный факультет / 2 курс / 2 поток,СИН,Семененя Игорь Николаевич,Семененя Игорь Николаевич,128,,,,Расписание_26_08_ФИНАЛ.docx,,1211  СИН 128,практические занятия | понедельник | 11:20 | 14:20 | 1211 | син | семененя игорь николаевич | 128,СИН | Семененя Игорь Николаевич | Николаевич | С И Н,1211 | 1211 group | group 1211 | гр 1211 | группа 1211,СИН | ,1211 | Понедельник | 11:20-14:20
P0056,Практические занятия,,Понедельник,11:20,14:20,еженедельно,Лечебный факультет,2.0,2 поток,RU,Лечебный факультет 2 поток,1212,Лечебный факультет / 2 курс / 2 поток,ТП,Голодок Татьяна Петровна,Голодок Татьяна Петровна,142-2,,,,Расписание_26_08_ФИНАЛ.docx,,1212 ТП 142-2,практические занятия | понедельник | 11:20 | 14:20 | 1212 | тп | голодок татьяна павловна | 142-2,ТП | Голодок Татьяна Павловна | Павловна | Г Т П,1212 | 1212 group | group 1212 | гр 1212 | группа 1212,ТП | ,1212 | Понедельник | 11:20-14:20
P0057,Практические занятия,,Вторник,11:20,14:20,еженедельно,Военно-медицинский институт,2.0,,RU,Военно-медицинский институт ,4202,Военно-медицинский институт / 2 курс,СИН,Семененя Игорь Николаевич,Семененя Игорь Николаевич,128,,,,Расписание_26_08_ФИНАЛ.docx,,4202  СИН 128,практические занятия | вторник | 11:20 | 14:20 | 4202 | син | семененя игорь николаевич | 128,СИН | Семененя Игорь Николаевич | Николаевич | С И Н,4202 | 4202 group | group 4202 | гр 4202 | группа 4202,СИН | ,4202 | Вторник | 11:20-14:20
P0058,Практические занятия,,Среда,11:20,14:20,еженедельно,Педиатрический факультет,2.0,,RU,Педиатрический факультет ,2211,Педиатрический факультет / 2 курс,ДА,Александров Денис Александрович,Александров Денис Александрович,133,,,,Расписание_26_08_ФИНАЛ.docx,,2211 ДА 133,практические занятия | среда | 11:20 | 14:20 | 2211 | да | александров денис александрович | 133,ДА | Александров Денис Александрович | Александрович | А Д А,2211 | 2211 group | group 2211 | гр 2211 | группа 2211,ДА | ,2211 | Среда | 11:20-14:20
P0059,Практические занятия,,Среда,11:20,14:20,еженедельно,Педиатрический факультет,2.0,,RU,Педиатрический факультет ,2216,Педиатрический факультет / 2 курс,ПАИ,Печурский Алексей Ильич,Печурский Алексей Ильич,143,компьютерный класс,,,Расписание_26_08_ФИНАЛ.docx,,2216 ПАИ 143 (в комп 13.50),практические занятия | среда | 11:20 | 14:20 | 2216 | паи | печурский александр игоревич | 143 | компьютерный класс,ПАИ | Печурский Александр Игоревич | Игоревич | П А И,2216 | 2216 group | group 2216 | гр 2216 | группа 2216,ПАИ | ,2216 | Среда | 11:20-14:20
P0060,Практические занятия,,Четверг,11:20,14:20,еженедельно,"МФИУ, General Medicine",2.0,2 поток,EN,"МФИУ, General Medicine 2 поток",6232ая,"МФИУ, General Medicine / 2 курс / 2 поток",ДА,Александров Денис Александрович,Александров Денис Александрович,133,,,,Расписание_26_08_ФИНАЛ.docx,,6232ая  ДА 133,практические занятия | четверг | 11:20 | 14:20 | 6232ая | да | александров денис александрович | 133,ДА | Александров Денис Александрович | Александрович | А Д А,6232ая | 6232ая group | group 6232ая | гр 6232ая | группа 6232ая,ДА | ,6232ая | Четверг | 11:20-14:20
P0061,Практические занятия,,Пятница,11:20,14:20,еженедельно,"МФИУ, General Medicine",2.0,2 поток,EN,"МФИУ, General Medicine 2 поток",6225ая,"МФИУ, General Medicine / 2 курс / 2 поток",ПТА,Пупа Татьяна Александровна,Пупа Татьяна Александровна,142-2,,,,Расписание_26_08_ФИНАЛ.docx,,6225ая ПТА 142-2,практические занятия | пятница | 11:20 | 14:20 | 6225ая | пта | пупа татьяна александровна | 142-2,ПТА | Пупа Татьяна Александровна | Александровна | П Т А,6225ая | 6225ая group | group 6225ая | гр 6225ая | группа 6225ая,ПТА | ,6225ая | Пятница | 11:20-14:20
P0062,Практические занятия,,Пятница,11:20,14:20,еженедельно,"МФИУ, General Medicine",2.0,2 поток,EN,"МФИУ, General Medicine 2 поток",6226ая,"МФИУ, General Medicine / 2 курс / 2 поток",ТГ,Северина Татьяна Геннадьевна,Северина Татьяна Геннадьевна,142-1,,,,Расписание_26_08_ФИНАЛ.docx,,6226ая  ТГ 142-1,практические занятия | пятница | 11:20 | 14:20 | 6226ая | тг | северина татьяна геннадьевна | 142-1,ТГ | Северина Татьяна Геннадьевна | Геннадьевна | С Т Г,6226ая | 6226ая group | group 6226ая | гр 6226ая | группа 6226ая,ТГ | ,6226ая | Пятница | 11:20-14:20
P0063,Практические занятия,,Среда,11:30,14:30,еженедельно,Лечебный факультет,2.0,2 поток,RU,Лечебный факультет 2 поток,1218,Лечебный факультет / 2 курс / 2 поток,ФВН,Фоменко Виктор Николаевич,Фоменко Виктор Николаевич,142-2,,,,Расписание_26_08_ФИНАЛ.docx,,1218  ФВН 142-2,практические занятия | среда | 11:30 | 14:30 | 1218 | фвн | фоменко виктор николаевич | 142-2,ФВН | Фоменко Виктор Николаевич | Николаевич | Ф В Н,1218 | 1218 group | group 1218 | гр 1218 | группа 1218,ФВН | ,1218 | Среда | 11:30-14:30
P0064,Практические занятия,,Понедельник,11:30,14:30,еженедельно,Лечебный факультет,2.0,3 поток,RU,Лечебный факультет 3 поток,1223,Лечебный факультет / 2 курс / 3 поток,ФВН,Фоменко Виктор Николаевич,Фоменко Виктор Николаевич,127,,,,Расписание_26_08_ФИНАЛ.docx,,1223 ФВН 127,практические занятия | понедельник | 11:30 | 14:30 | 1223 | фвн | фоменко виктор николаевич | 127,ФВН | Фоменко Виктор Николаевич | Николаевич | Ф В Н,1223 | 1223 group | group 1223 | гр 1223 | группа 1223,ФВН | ,1223 | Понедельник | 11:30-14:30
P0065,Практические занятия,,Понедельник,11:30,14:30,еженедельно,Лечебный факультет,2.0,3 поток,RU,Лечебный факультет 3 поток,1224,Лечебный факультет / 2 курс / 3 поток,СИА,Сергеев Иван Алексеевич,Сергеев Иван Алексеевич,142-1,,,,Расписание_26_08_ФИНАЛ.docx,,1224  СИА 142-1,практические занятия | понедельник | 11:30 | 14:30 | 1224 | сиа | сергеев иван александрович | 142-1,СИА | Сергеев Иван Алексеевич | Александрович | С И А,1224 | 1224 group | group 1224 | гр 1224 | группа 1224,СИА | ,1224 | Понедельник | 11:30-14:30
P0066,Практические занятия,,Вторник,11:30,14:30,еженедельно,Лечебный факультет,2.0,1 поток,RU,Лечебный факультет 1 поток,1201,Лечебный факультет / 2 курс / 1 поток,АГ,Чабан Алла Геннадьевна,Чабан Алла Геннадьевна,142-1,,,,Расписание_26_08_ФИНАЛ.docx,,1201  АГ 142-1,практические занятия | вторник | 11:30 | 14:30 | 1201 | аг | чабан анна геннадьевна | 142-1,АГ | Чабан Анна Геннадьевна | Геннадьевна | Ч А Г,1201 | 1201 group | group 1201 | гр 1201 | группа 1201,АГ | ,1201 | Вторник | 11:30-14:30
P0067,Практические занятия,,Вторник,11:30,14:30,еженедельно,Лечебный факультет,2.0,1 поток,RU,Лечебный факультет 1 поток,1202,Лечебный факультет / 2 курс / 1 поток,ПТА,Пупа Татьяна Александровна,Пупа Татьяна Александровна,142-2,,,,Расписание_26_08_ФИНАЛ.docx,,1202  ПТА 142-2,практические занятия | вторник | 11:30 | 14:30 | 1202 | пта | пупа татьяна александровна | 142-2,ПТА | Пупа Татьяна Александровна | Александровна | П Т А,1202 | 1202 group | group 1202 | гр 1202 | группа 1202,ПТА | ,1202 | Вторник | 11:30-14:30
P0068,Практические занятия,,Вторник,11:30,14:30,еженедельно,Лечебный факультет,2.0,1 поток,RU,Лечебный факультет 1 поток,1206,Лечебный факультет / 2 курс / 1 поток,ТП,Голодок Татьяна Петровна,Голодок Татьяна Петровна,143,,,,Расписание_26_08_ФИНАЛ.docx,,1206  ТП 143,практические занятия | вторник | 11:30 | 14:30 | 1206 | тп | голодок татьяна павловна | 143,ТП | Голодок Татьяна Павловна | Павловна | Г Т П,1206 | 1206 group | group 1206 | гр 1206 | группа 1206,ТП | ,1206 | Вторник | 11:30-14:30
P0069,Практические занятия,,Четверг,11:30,14:30,еженедельно,Лечебный факультет,2.0,1 поток,RU,Лечебный факультет 1 поток,1203,Лечебный факультет / 2 курс / 1 поток,ДАД,Данченко Александр Дмитриевич,Данченко Александр Дмитриевич,102,,,,Расписание_26_08_ФИНАЛ.docx,,1203  ДАД 102,практические занятия | четверг | 11:30 | 14:30 | 1203 | дад | данченко александр дмитриевич | 102,ДАД | Данченко Александр Дмитриевич | Дмитриевич | Д А Д,1203 | 1203 group | group 1203 | гр 1203 | группа 1203,ДАД | ,1203 | Четверг | 11:30-14:30
P0070,Практические занятия,,Четверг,11:30,14:30,еженедельно,Лечебный факультет,2.0,1 поток,RU,Лечебный факультет 1 поток,1205,Лечебный факультет / 2 курс / 1 поток,АГ,Чабан Алла Геннадьевна,Чабан Алла Геннадьевна,142-2,,,,Расписание_26_08_ФИНАЛ.docx,,1205  АГ 142-2,практические занятия | четверг | 11:30 | 14:30 | 1205 | аг | чабан анна геннадьевна | 142-2,АГ | Чабан Анна Геннадьевна | Геннадьевна | Ч А Г,1205 | 1205 group | group 1205 | гр 1205 | группа 1205,АГ | ,1205 | Четверг | 11:30-14:30
P0071,Практические занятия,,Четверг,11:30,14:30,еженедельно,Лечебный факультет,2.0,1 поток,RU,Лечебный факультет 1 поток,1207,Лечебный факультет / 2 курс / 1 поток,ЮВ,Гайкович Юлия Владимировна,Гайкович Юлия Владимировна,142-1,,,,Расписание_26_08_ФИНАЛ.docx,,1207  ЮВ 142-1,практические занятия | четверг | 11:30 | 14:30 | 1207 | юв | гайкович юлия владимировна | 142-1,ЮВ | Гайкович Юлия Владимировна | Владимировна | Г Ю В,1207 | 1207 group | group 1207 | гр 1207 | группа 1207,ЮВ | ,1207 | Четверг | 11:30-14:30
P0072,Практические занятия,,Среда,11:40,13:55,еженедельно,"МФИУ, Dentistry",2.0,,RU,"МФИУ, Dentistry ",6242,"МФИУ, Dentistry / 2 курс",ВД,Водянова Валерия Дмитриевна,Водянова Валерия Дмитриевна,129,,,,Расписание_26_08_ФИНАЛ.docx,,6242  ВД 129,практические занятия | среда | 11:40 | 13:55 | 6242 | вд | водянова виктория дмитриевна | 129,ВД | Водянова Валерия Дмитриевна | Дмитриевна | В В Д,6242 | 6242 group | group 6242 | гр 6242 | группа 6242,ВД | ,6242 | Среда | 11:40-13:55
P0073,Практические занятия,,Вторник,11:40,14:40,еженедельно,"МФИУ, General Medicine",2.0,1 поток,EN,"МФИУ, General Medicine 1 поток",6217ая,"МФИУ, General Medicine / 2 курс / 1 поток",ТГ,Северина Татьяна Геннадьевна,Северина Татьяна Геннадьевна,133,,,,Расписание_26_08_ФИНАЛ.docx,,6217ая ТГ 133,практические занятия | вторник | 11:40 | 14:40 | 6217ая | тг | северина татьяна геннадьевна | 133,ТГ | Северина Татьяна Геннадьевна | Геннадьевна | С Т Г,6217ая | 6217ая group | group 6217ая | гр 6217ая | группа 6217ая,ТГ | ,6217ая | Вторник | 11:40-14:40
P0074,Практические занятия,,Среда,11:40,14:40,еженедельно,"МФИУ, General Medicine",2.0,1 поток,EN,"МФИУ, General Medicine 1 поток",6221ая,"МФИУ, General Medicine / 2 курс / 1 поток",ЮВ,Гайкович Юлия Владимировна,Гайкович Юлия Владимировна,142-1,,,,Расписание_26_08_ФИНАЛ.docx,,6221ая ЮВ 142-1,практические занятия | среда | 11:40 | 14:40 | 6221ая | юв | гайкович юлия владимировна | 142-1,ЮВ | Гайкович Юлия Владимировна | Владимировна | Г Ю В,6221ая | 6221ая group | group 6221ая | гр 6221ая | группа 6221ая,ЮВ | ,6221ая | Среда | 11:40-14:40
P0075,Практические занятия,,Четверг,11:40,14:40,еженедельно,Лечебный факультет,2.0,2 поток,RU,Лечебный факультет 2 поток,1217,Лечебный факультет / 2 курс / 2 поток,МО,Абаимова Маргарита Омистеровна,Абаимова Маргарита Омистеровна,130,,,,Расписание_26_08_ФИНАЛ.docx,,1217 МО 130,практические занятия | четверг | 11:40 | 14:40 | 1217 | мо | абаимова мария олеговна | 130,МО | Абаимова Мария Олеговна | Олеговна | А М О,1217 | 1217 group | group 1217 | гр 1217 | группа 1217,МО | ,1217 | Четверг | 11:40-14:40
P0076,Практические занятия,,Пятница,11:40,14:40,еженедельно,Лечебный факультет,2.0,2 поток,RU,Лечебный факультет 2 поток,1219,Лечебный факультет / 2 курс / 2 поток,СИН,Семененя Игорь Николаевич,Семененя Игорь Николаевич,128,,,,Расписание_26_08_ФИНАЛ.docx,,1219  СИН 128,практические занятия | пятница | 11:40 | 14:40 | 1219 | син | семененя игорь николаевич | 128,СИН | Семененя Игорь Николаевич | Николаевич | С И Н,1219 | 1219 group | group 1219 | гр 1219 | группа 1219,СИН | ,1219 | Пятница | 11:40-14:40
P0077,Практические занятия,,Пятница,11:40,14:40,еженедельно,Лечебный факультет,2.0,2 поток,RU,Лечебный факультет 2 поток,1220,Лечебный факультет / 2 курс / 2 поток,МО,Абаимова Маргарита Омистеровна,Абаимова Маргарита Омистеровна,130,,,,Расписание_26_08_ФИНАЛ.docx,,1220  МО 130,практические занятия | пятница | 11:40 | 14:40 | 1220 | мо | абаимова мария олеговна | 130,МО | Абаимова Мария Олеговна | Олеговна | А М О,1220 | 1220 group | group 1220 | гр 1220 | группа 1220,МО | ,1220 | Пятница | 11:40-14:40
P0078,Практические занятия,,Вторник,12:00,14:15,еженедельно,"МФИУ, Pharmacy",1.0,,EN,"МФИУ, Pharmacy ",6161ая,"МФИУ, Pharmacy / 1 курс",ЮВ,Гайкович Юлия Владимировна,Гайкович Юлия Владимировна,130,,,,Расписание_26_08_ФИНАЛ.docx,,6161ая ЮВ 130,практические занятия | вторник | 12:00 | 14:15 | 6161ая | юв | гайкович юлия владимировна | 130,ЮВ | Гайкович Юлия Владимировна | Владимировна | Г Ю В,6161ая | 6161ая group | group 6161ая | гр 6161ая | группа 6161ая,ЮВ | ,6161ая | Вторник | 12:00-14:15
P0079,Практические занятия,,Понедельник,12:10,15:10,еженедельно,Лечебный факультет,2.0,3 поток,RU,Лечебный факультет 3 поток,1228,Лечебный факультет / 2 курс / 3 поток,ДАД,Данченко Александр Дмитриевич,Данченко Александр Дмитриевич,130,,,,Расписание_26_08_ФИНАЛ.docx,,1228  ДАД 130,практические занятия | понедельник | 12:10 | 15:10 | 1228 | дад | данченко александр дмитриевич | 130,ДАД | Данченко Александр Дмитриевич | Дмитриевич | Д А Д,1228 | 1228 group | group 1228 | гр 1228 | группа 1228,ДАД | ,1228 | Понедельник | 12:10-15:10
P0080,Практические занятия,,Понедельник,12:10,15:10,еженедельно,"МФИУ, General Medicine",2.0,1 поток,EN,"МФИУ, General Medicine 1 поток",6222ая,"МФИУ, General Medicine / 2 курс / 1 поток",ТГ,Северина Татьяна Геннадьевна,Северина Татьяна Геннадьевна,133,,,,Расписание_26_08_ФИНАЛ.docx,,6222ая ТГ 133,практические занятия | понедельник | 12:10 | 15:10 | 6222ая | тг | северина татьяна геннадьевна | 133,ТГ | Северина Татьяна Геннадьевна | Геннадьевна | С Т Г,6222ая | 6222ая group | group 6222ая | гр 6222ая | группа 6222ая,ТГ | ,6222ая | Понедельник | 12:10-15:10
P0081,Практические занятия,,Пятница,12:10,15:10,еженедельно,Лечебный факультет,2.0,2 поток,RU,Лечебный факультет 2 поток,1216,Лечебный факультет / 2 курс / 2 поток,ДА,Александров Денис Александрович,Александров Денис Александрович,133,,,,Расписание_26_08_ФИНАЛ.docx,,1216 ДА 133,практические занятия | пятница | 12:10 | 15:10 | 1216 | да | александров денис александрович | 133,ДА | Александров Денис Александрович | Александрович | А Д А,1216 | 1216 group | group 1216 | гр 1216 | группа 1216,ДА | ,1216 | Пятница | 12:10-15:10
P0082,Практические занятия,,Пятница,12:10,15:10,еженедельно,Военно-медицинский институт,2.0,,RU,Военно-медицинский институт ,4203,Военно-медицинский институт / 2 курс,ЛХ,Эль Сахмарани Латифа Холедовна,Эль Сахмарани Латифа Холедовна,127,,,,Расписание_26_08_ФИНАЛ.docx,,4203 ЛХ 127,практические занятия | пятница | 12:10 | 15:10 | 4203 | лх | эль самархани латифа холедовна | 127,ЛХ | Эль Сахмарани Латифа Холедовна | Холедовна | Э С Л Х,4203 | 4203 group | group 4203 | гр 4203 | группа 4203,ЛХ | ,4203 | Пятница | 12:10-15:10
P0083,Практические занятия,,Пятница,12:10,15:10,еженедельно,Военно-медицинский институт,2.0,,RU,Военно-медицинский институт ,4204,Военно-медицинский институт / 2 курс,ВД,Водянова Валерия Дмитриевна,Водянова Валерия Дмитриевна,129,,,,Расписание_26_08_ФИНАЛ.docx,,4204  ВД 129,практические занятия | пятница | 12:10 | 15:10 | 4204 | вд | водянова виктория дмитриевна | 129,ВД | Водянова Валерия Дмитриевна | Дмитриевна | В В Д,4204 | 4204 group | group 4204 | гр 4204 | группа 4204,ВД | ,4204 | Пятница | 12:10-15:10
P0084,Практические занятия,,Понедельник,13:00,15:15,еженедельно,Стоматологический факультет,2.0,2 поток,RU,Стоматологический факультет 2 поток,7215,Стоматологический факультет / 2 курс / 2 поток,ПАИ,Печурский Алексей Ильич,Печурский Алексей Ильич,129,,,,Расписание_26_08_ФИНАЛ.docx,,7215  ПАИ 129,практические занятия | понедельник | 13:00 | 15:15 | 7215 | паи | печурский александр игоревич | 129,ПАИ | Печурский Александр Игоревич | Игоревич | П А И,7215 | 7215 group | group 7215 | гр 7215 | группа 7215,ПАИ | ,7215 | Понедельник | 13:00-15:15
P0085,Практические занятия,,Понедельник,13:00,15:15,еженедельно,"МФИУ, Dentistry",2.0,,RU,"МФИУ, Dentistry ",6243,"МФИУ, Dentistry / 2 курс",ЛХ,Эль Сахмарани Латифа Холедовна,Эль Сахмарани Латифа Холедовна,143,,,,Расписание_26_08_ФИНАЛ.docx,,6243  ЛХ 143,практические занятия | понедельник | 13:00 | 15:15 | 6243 | лх | эль самархани латифа холедовна | 143,ЛХ | Эль Сахмарани Латифа Холедовна | Холедовна | Э С Л Х,6243 | 6243 group | group 6243 | гр 6243 | группа 6243,ЛХ | ,6243 | Понедельник | 13:00-15:15
P0086,Практические занятия,,Вторник,13:00,15:15,еженедельно,"МФИУ, Dentistry",2.0,,EN,"МФИУ, Dentistry ",6249ая,"МФИУ, Dentistry / 2 курс",ФВН,Фоменко Виктор Николаевич,Фоменко Виктор Николаевич,102,,,,Расписание_26_08_ФИНАЛ.docx,,6249ая  ФВН 102,практические занятия | вторник | 13:00 | 15:15 | 6249ая | фвн | фоменко виктор николаевич | 102,ФВН | Фоменко Виктор Николаевич | Николаевич | Ф В Н,6249ая | 6249ая group | group 6249ая | гр 6249ая | группа 6249ая,ФВН | ,6249ая | Вторник | 13:00-15:15
P0087,Практические занятия,,Среда,13:00,15:15,еженедельно,Стоматологический факультет,2.0,1 поток,RU,Стоматологический факультет 1 поток,7202,Стоматологический факультет / 2 курс / 1 поток,СИА,Сергеев Иван Алексеевич,Сергеев Иван Алексеевич,102,,,,Расписание_26_08_ФИНАЛ.docx,,7202  СИА 102,практические занятия | среда | 13:00 | 15:15 | 7202 | сиа | сергеев иван александрович | 102,СИА | Сергеев Иван Алексеевич | Александрович | С И А,7202 | 7202 group | group 7202 | гр 7202 | группа 7202,СИА | ,7202 | Среда | 13:00-15:15
P0088,Практические занятия,,Среда,13:00,15:15,еженедельно,Стоматологический факультет,2.0,2 поток,RU,Стоматологический факультет 2 поток,7209,Стоматологический факультет / 2 курс / 2 поток,АГ,Чабан Алла Геннадьевна,Чабан Алла Геннадьевна,130,компьютерный класс,,,Расписание_26_08_ФИНАЛ.docx,,7209  АГ 130 (в комп 14.40),практические занятия | среда | 13:00 | 15:15 | 7209 | аг | чабан анна геннадьевна | 130 | компьютерный класс,АГ | Чабан Анна Геннадьевна | Геннадьевна | Ч А Г,7209 | 7209 group | group 7209 | гр 7209 | группа 7209,АГ | ,7209 | Среда | 13:00-15:15
P0089,Практические занятия,,Четверг,13:00,15:15,еженедельно,"МФИУ, Dentistry",2.0,,EN,"МФИУ, Dentistry ",6248ая,"МФИУ, Dentistry / 2 курс",ГАЛ,Григорьян Анастасия Леонтьевна,Григорьян Анастасия Леонтьевна,127,,,,Расписание_26_08_ФИНАЛ.docx,,6248ая  ГАЛ 127,практические занятия | четверг | 13:00 | 15:15 | 6248ая | гал | григорьян анастасия леонтьевна | 127,ГАЛ | Григорьян Анастасия Леонтьевна | Леонтьевна | Г А Л,6248ая | 6248ая group | group 6248ая | гр 6248ая | группа 6248ая,ГАЛ | ,6248ая | Четверг | 13:00-15:15
P0090,Практические занятия,,Четверг,13:00,15:15,еженедельно,Фармацевтический факультет,1.0,,RU,Фармацевтический факультет ,8106,Фармацевтический факультет / 1 курс,ПАИ,Печурский Алексей Ильич,Печурский Алексей Ильич,129,,,,Расписание_26_08_ФИНАЛ.docx,,8106  ПАИ 129,практические занятия | четверг | 13:00 | 15:15 | 8106 | паи | печурский александр игоревич | 129,ПАИ | Печурский Александр Игоревич | Игоревич | П А И,8106 | 8106 group | group 8106 | гр 8106 | группа 8106,ПАИ | ,8106 | Четверг | 13:00-15:15
P0091,Практические занятия,,Пятница,13:00,16:00,еженедельно,"МФИУ, General Medicine",2.0,1 поток,EN,"МФИУ, General Medicine 1 поток",6220ая,"МФИУ, General Medicine / 2 курс / 1 поток",ГАЛ,Григорьян Анастасия Леонтьевна,Григорьян Анастасия Леонтьевна,102,,,,Расписание_26_08_ФИНАЛ.docx,,6220ая ГАЛ 102,практические занятия | пятница | 13:00 | 16:00 | 6220ая | гал | григорьян анастасия леонтьевна | 102,ГАЛ | Григорьян Анастасия Леонтьевна | Леонтьевна | Г А Л,6220ая | 6220ая group | group 6220ая | гр 6220ая | группа 6220ая,ГАЛ | ,6220ая | Пятница | 13:00-16:00
P0092,Практические занятия,,Среда,13:10,16:10,еженедельно,Лечебный факультет,2.0,1 поток,RU,Лечебный факультет 1 поток,1208,Лечебный факультет / 2 курс / 1 поток,СИН,Семененя Игорь Николаевич,Семененя Игорь Николаевич,128,компьютерный класс,,,Расписание_26_08_ФИНАЛ.docx,,1208  СИН 128 (в комп 15.45),практические занятия | среда | 13:10 | 16:10 | 1208 | син | семененя игорь николаевич | 128 | компьютерный класс,СИН | Семененя Игорь Николаевич | Николаевич | С И Н,1208 | 1208 group | group 1208 | гр 1208 | группа 1208,СИН | ,1208 | Среда | 13:10-16:10
P0093,Практические занятия,,Четверг,13:10,16:10,еженедельно,Лечебный факультет,2.0,2 поток,RU,Лечебный факультет 2 поток,1214,Лечебный факультет / 2 курс / 2 поток,СИН,Семененя Игорь Николаевич,Семененя Игорь Николаевич,128,,,,Расписание_26_08_ФИНАЛ.docx,,1214  СИН 128,практические занятия | четверг | 13:10 | 16:10 | 1214 | син | семененя игорь николаевич | 128,СИН | Семененя Игорь Николаевич | Николаевич | С И Н,1214 | 1214 group | group 1214 | гр 1214 | группа 1214,СИН | ,1214 | Четверг | 13:10-16:10
P0094,Практические занятия,,Пятница,13:15,15:30,еженедельно,"МФИУ, Dentistry",2.0,,EN,"МФИУ, Dentistry ",6252ая,"МФИУ, Dentistry / 2 курс",ФВН,Фоменко Виктор Николаевич,Фоменко Виктор Николаевич,143,,,,Расписание_26_08_ФИНАЛ.docx,,6252ая  ФВН 143,практические занятия | пятница | 13:15 | 15:30 | 6252ая | фвн | фоменко виктор николаевич | 143,ФВН | Фоменко Виктор Николаевич | Николаевич | Ф В Н,6252ая | 6252ая group | group 6252ая | гр 6252ая | группа 6252ая,ФВН | ,6252ая | Пятница | 13:15-15:30
P0095,Практические занятия,,Среда,13:50,16:50,еженедельно,Лечебный факультет,2.0,1 поток,RU,Лечебный факультет 1 поток,1204,Лечебный факультет / 2 курс / 1 поток,ПТА,Пупа Татьяна Александровна,Пупа Татьяна Александровна,143,,,,Расписание_26_08_ФИНАЛ.docx,,1204 ПТА 143,практические занятия | среда | 13:50 | 16:50 | 1204 | пта | пупа татьяна александровна | 143,ПТА | Пупа Татьяна Александровна | Александровна | П Т А,1204 | 1204 group | group 1204 | гр 1204 | группа 1204,ПТА | ,1204 | Среда | 13:50-16:50
P0096,Практические занятия,,Среда,13:50,16:50,еженедельно,"МФИУ, General Medicine",2.0,1 поток,EN,"МФИУ, General Medicine 1 поток",6224ая,"МФИУ, General Medicine / 2 курс / 1 поток",ТГ,Северина Татьяна Геннадьевна,Северина Татьяна Геннадьевна,127,,,,Расписание_26_08_ФИНАЛ.docx,,6224ая ТГ 127,практические занятия | среда | 13:50 | 16:50 | 6224ая | тг | северина татьяна геннадьевна | 127,ТГ | Северина Татьяна Геннадьевна | Геннадьевна | С Т Г,6224ая | 6224ая group | group 6224ая | гр 6224ая | группа 6224ая,ТГ | ,6224ая | Среда | 13:50-16:50
P0097,Практические занятия,,Вторник,14:00,17:00,еженедельно,Лечебный факультет,2.0,3 поток,RU,Лечебный факультет 3 поток,1227,Лечебный факультет / 2 курс / 3 поток,ГАЛ,Григорьян Анастасия Леонтьевна,Григорьян Анастасия Леонтьевна,127,,,,Расписание_26_08_ФИНАЛ.docx,,1227  ГАЛ 127,практические занятия | вторник | 14:00 | 17:00 | 1227 | гал | григорьян анастасия леонтьевна | 127,ГАЛ | Григорьян Анастасия Леонтьевна | Леонтьевна | Г А Л,1227 | 1227 group | group 1227 | гр 1227 | группа 1227,ГАЛ | ,1227 | Вторник | 14:00-17:00
P0098,Практические занятия,,Вторник,14:00,17:00,еженедельно,Лечебный факультет,2.0,3 поток,RU,Лечебный факультет 3 поток,1229,Лечебный факультет / 2 курс / 3 поток,МО,Абаимова Маргарита Омистеровна,Абаимова Маргарита Омистеровна,129,,,,Расписание_26_08_ФИНАЛ.docx,,1229  МО 129,практические занятия | вторник | 14:00 | 17:00 | 1229 | мо | абаимова мария олеговна | 129,МО | Абаимова Мария Олеговна | Олеговна | А М О,1229 | 1229 group | group 1229 | гр 1229 | группа 1229,МО | ,1229 | Вторник | 14:00-17:00
P0099,Практические занятия,,Среда,14:00,17:00,еженедельно,Лечебный факультет,2.0,2 поток,RU,Лечебный факультет 2 поток,1215,Лечебный факультет / 2 курс / 2 поток,ГАЛ,Григорьян Анастасия Леонтьевна,Григорьян Анастасия Леонтьевна,129,,,,Расписание_26_08_ФИНАЛ.docx,,1215 ГАЛ 129,практические занятия | среда | 14:00 | 17:00 | 1215 | гал | григорьян анастасия леонтьевна | 129,ГАЛ | Григорьян Анастасия Леонтьевна | Леонтьевна | Г А Л,1215 | 1215 group | group 1215 | гр 1215 | группа 1215,ГАЛ | ,1215 | Среда | 14:00-17:00
P0100,Практические занятия,,Среда,14:40,17:40,еженедельно,"МФИУ, General Medicine",2.0,1 поток,RU,"МФИУ, General Medicine 1 поток",6202,"МФИУ, General Medicine / 2 курс / 1 поток",ВД,Водянова Валерия Дмитриевна,Водянова Валерия Дмитриевна,130,,,,Расписание_26_08_ФИНАЛ.docx,,6202 ВД 130,практические занятия | среда | 14:40 | 17:40 | 6202 | вд | водянова виктория дмитриевна | 130,ВД | Водянова Валерия Дмитриевна | Дмитриевна | В В Д,6202 | 6202 group | group 6202 | гр 6202 | группа 6202,ВД | ,6202 | Среда | 14:40-17:40
P0101,Практические занятия,,Среда,14:40,17:40,еженедельно,"МФИУ, General Medicine",2.0,1 поток,RU,"МФИУ, General Medicine 1 поток",6206,"МФИУ, General Medicine / 2 курс / 1 поток",МО,Абаимова Маргарита Омистеровна,Абаимова Маргарита Омистеровна,142-1,,,,Расписание_26_08_ФИНАЛ.docx,,6206 ЛХ 142-1,практические занятия | среда | 14:40 | 17:40 | 6206 | лх | эль самархани латифа холедовна | 142-1,ЛХ | Эль Сахмарани Латифа Холедовна | Холедовна | Э С Л Х,6206 | 6206 group | group 6206 | гр 6206 | группа 6206,ЛХ | ,6206 | Среда | 14:40-17:40
P0102,Практические занятия,,Среда,14:40,17:40,еженедельно,"МФИУ, General Medicine",2.0,1 поток,RU,"МФИУ, General Medicine 1 поток",6207,"МФИУ, General Medicine / 2 курс / 1 поток",ПАИ,Печурский Алексей Ильич,Печурский Алексей Ильич,133,,,,Расписание_26_08_ФИНАЛ.docx,,6207 ПАИ 133,практические занятия | среда | 14:40 | 17:40 | 6207 | паи | печурский александр игоревич | 133,ПАИ | Печурский Александр Игоревич | Игоревич | П А И,6207 | 6207 group | group 6207 | гр 6207 | группа 6207,ПАИ | ,6207 | Среда | 14:40-17:40
P0103,Практические занятия,,Среда,14:40,17:40,еженедельно,"МФИУ, General Medicine",2.0,1 поток,RU,"МФИУ, General Medicine 1 поток",6208,"МФИУ, General Medicine / 2 курс / 1 поток",ДАД,Данченко Александр Дмитриевич,Данченко Александр Дмитриевич,142-2,,,,Расписание_26_08_ФИНАЛ.docx,,6208 ДАД 142-2,практические занятия | среда | 14:40 | 17:40 | 6208 | дад | данченко александр дмитриевич | 142-2,ДАД | Данченко Александр Дмитриевич | Дмитриевич | Д А Д,6208 | 6208 group | group 6208 | гр 6208 | группа 6208,ДАД | ,6208 | Среда | 14:40-17:40
P0104,Практические занятия,,Понедельник,14:50,17:50,еженедельно,"МФИУ, General Medicine",2.0,1 поток,RU,"МФИУ, General Medicine 1 поток",6205,"МФИУ, General Medicine / 2 курс / 1 поток",СИА,Сергеев Иван Алексеевич,Сергеев Иван Алексеевич,127,,,,Расписание_26_08_ФИНАЛ.docx,,6205  СИА 127,практические занятия | понедельник | 14:50 | 17:50 | 6205 | сиа | сергеев иван александрович | 127,СИА | Сергеев Иван Алексеевич | Александрович | С И А,6205 | 6205 group | group 6205 | гр 6205 | группа 6205,СИА | ,6205 | Понедельник | 14:50-17:50
P0105,Практические занятия,,Понедельник,14:50,17:50,еженедельно,"МФИУ, General Medicine",2.0,2 поток,RU,"МФИУ, General Medicine 2 поток",6210,"МФИУ, General Medicine / 2 курс / 2 поток",МО,Абаимова Маргарита Омистеровна,Абаимова Маргарита Омистеровна,142-1,,,,Расписание_26_08_ФИНАЛ.docx,,6210  МО 142-1,практические занятия | понедельник | 14:50 | 17:50 | 6210 | мо | абаимова мария олеговна | 142-1,МО | Абаимова Мария Олеговна | Олеговна | А М О,6210 | 6210 group | group 6210 | гр 6210 | группа 6210,МО | ,6210 | Понедельник | 14:50-17:50
P0106,Практические занятия,,Понедельник,14:50,17:50,еженедельно,"МФИУ, General Medicine",2.0,2 поток,RU,"МФИУ, General Medicine 2 поток",6211,"МФИУ, General Medicine / 2 курс / 2 поток",ВД,Водянова Валерия Дмитриевна,Водянова Валерия Дмитриевна,128,,,,Расписание_26_08_ФИНАЛ.docx,,6211 ВД 128,практические занятия | понедельник | 14:50 | 17:50 | 6211 | вд | водянова виктория дмитриевна | 128,ВД | Водянова Валерия Дмитриевна | Дмитриевна | В В Д,6211 | 6211 group | group 6211 | гр 6211 | группа 6211,ВД | ,6211 | Понедельник | 14:50-17:50
P0107,Практические занятия,,Понедельник,14:50,17:50,еженедельно,"МФИУ, General Medicine",2.0,2 поток,RU,"МФИУ, General Medicine 2 поток",6212,"МФИУ, General Medicine / 2 курс / 2 поток",ТП,Голодок Татьяна Петровна,Голодок Татьяна Петровна,142-2,,,,Расписание_26_08_ФИНАЛ.docx,,6212 ТП 142-2,практические занятия | понедельник | 14:50 | 17:50 | 6212 | тп | голодок татьяна павловна | 142-2,ТП | Голодок Татьяна Павловна | Павловна | Г Т П,6212 | 6212 group | group 6212 | гр 6212 | группа 6212,ТП | ,6212 | Понедельник | 14:50-17:50
P0108,Практические занятия,,Вторник,14:50,17:50,еженедельно,Лечебный факультет,2.0,2 поток,RU,Лечебный факультет 2 поток,1213,Лечебный факультет / 2 курс / 2 поток,СИН,Семененя Игорь Николаевич,Семененя Игорь Николаевич,128,,,,Расписание_26_08_ФИНАЛ.docx,,1213 СИН 128,практические занятия | вторник | 14:50 | 17:50 | 1213 | син | семененя игорь николаевич | 128,СИН | Семененя Игорь Николаевич | Николаевич | С И Н,1213 | 1213 group | group 1213 | гр 1213 | группа 1213,СИН | ,1213 | Вторник | 14:50-17:50
P0109,Практические занятия,,Четверг,14:50,17:50,еженедельно,"МФИУ, General Medicine",2.0,2 поток,RU,"МФИУ, General Medicine 2 поток",6209,"МФИУ, General Medicine / 2 курс / 2 поток",СИА,Сергеев Иван Алексеевич,Сергеев Иван Алексеевич,102,,,,Расписание_26_08_ФИНАЛ.docx,,6209  СИА 102,практические занятия | четверг | 14:50 | 17:50 | 6209 | сиа | сергеев иван александрович | 102,СИА | Сергеев Иван Алексеевич | Александрович | С И А,6209 | 6209 group | group 6209 | гр 6209 | группа 6209,СИА | ,6209 | Четверг | 14:50-17:50
P0110,Практические занятия,,Четверг,14:50,17:50,еженедельно,"МФИУ, General Medicine",2.0,2 поток,RU,"МФИУ, General Medicine 2 поток",6213,"МФИУ, General Medicine / 2 курс / 2 поток",ВД,Водянова Валерия Дмитриевна,Водянова Валерия Дмитриевна,142-1,,,,Расписание_26_08_ФИНАЛ.docx,,6213  ВД 142-1,практические занятия | четверг | 14:50 | 17:50 | 6213 | вд | водянова виктория дмитриевна | 142-1,ВД | Водянова Валерия Дмитриевна | Дмитриевна | В В Д,6213 | 6213 group | group 6213 | гр 6213 | группа 6213,ВД | ,6213 | Четверг | 14:50-17:50
P0111,Практические занятия,,Четверг,14:50,17:50,еженедельно,"МФИУ, General Medicine",2.0,2 поток,RU,"МФИУ, General Medicine 2 поток",6214,"МФИУ, General Medicine / 2 курс / 2 поток",МО,Абаимова Маргарита Омистеровна,Абаимова Маргарита Омистеровна,130,,,,Расписание_26_08_ФИНАЛ.docx,,6214  МО 130,практические занятия | четверг | 14:50 | 17:50 | 6214 | мо | абаимова мария олеговна | 130,МО | Абаимова Мария Олеговна | Олеговна | А М О,6214 | 6214 group | group 6214 | гр 6214 | группа 6214,МО | ,6214 | Четверг | 14:50-17:50
P0112,Практические занятия,,Четверг,14:50,17:50,еженедельно,"МФИУ, General Medicine",2.0,2 поток,RU,"МФИУ, General Medicine 2 поток",6215,"МФИУ, General Medicine / 2 курс / 2 поток",ЛХ,Эль Сахмарани Латифа Холедовна,Эль Сахмарани Латифа Холедовна,142-2,,,,Расписание_26_08_ФИНАЛ.docx,,6215  ЛХ 142-2,практические занятия | четверг | 14:50 | 17:50 | 6215 | лх | эль самархани латифа холедовна | 142-2,ЛХ | Эль Сахмарани Латифа Холедовна | Холедовна | Э С Л Х,6215 | 6215 group | group 6215 | гр 6215 | группа 6215,ЛХ | ,6215 | Четверг | 14:50-17:50
P0113,Практические занятия,,Вторник,15:00,18:00,еженедельно,Педиатрический факультет,2.0,,RU,Педиатрический факультет ,2205,Педиатрический факультет / 2 курс,ТГ,Северина Татьяна Геннадьевна,Северина Татьяна Геннадьевна,133,,,,Расписание_26_08_ФИНАЛ.docx,,2205 ТГ 133,практические занятия | вторник | 15:00 | 18:00 | 2205 | тг | северина татьяна геннадьевна | 133,ТГ | Северина Татьяна Геннадьевна | Геннадьевна | С Т Г,2205 | 2205 group | group 2205 | гр 2205 | группа 2205,ТГ | ,2205 | Вторник | 15:00-18:00
P0114,Практические занятия,,Вторник,15:00,18:00,еженедельно,Педиатрический факультет,2.0,,RU,Педиатрический факультет ,2206,Педиатрический факультет / 2 курс,АГ,Чабан Алла Геннадьевна,Чабан Алла Геннадьевна,142-1,,,,Расписание_26_08_ФИНАЛ.docx,,2206  АГ 142-1,практические занятия | вторник | 15:00 | 18:00 | 2206 | аг | чабан анна геннадьевна | 142-1,АГ | Чабан Анна Геннадьевна | Геннадьевна | Ч А Г,2206 | 2206 group | group 2206 | гр 2206 | группа 2206,АГ | ,2206 | Вторник | 15:00-18:00
P0115,Практические занятия,,Вторник,15:00,18:00,еженедельно,Педиатрический факультет,2.0,,RU,Педиатрический факультет ,2213,Педиатрический факультет / 2 курс,ПАИ,Печурский Алексей Ильич,Печурский Алексей Ильич,143,,,,Расписание_26_08_ФИНАЛ.docx,,2213  ПАИ 143,практические занятия | вторник | 15:00 | 18:00 | 2213 | паи | печурский александр игоревич | 143,ПАИ | Печурский Александр Игоревич | Игоревич | П А И,2213 | 2213 group | group 2213 | гр 2213 | группа 2213,ПАИ | ,2213 | Вторник | 15:00-18:00
P0116,Практические занятия,,Пятница,15:00,18:00,еженедельно,Педиатрический факультет,2.0,,RU,Педиатрический факультет ,2201,Педиатрический факультет / 2 курс,МО,Абаимова Маргарита Омистеровна,Абаимова Маргарита Омистеровна,142-1,,,,Расписание_26_08_ФИНАЛ.docx,,2201  МО 142-1,практические занятия | пятница | 15:00 | 18:00 | 2201 | мо | абаимова мария олеговна | 142-1,МО | Абаимова Мария Олеговна | Олеговна | А М О,2201 | 2201 group | group 2201 | гр 2201 | группа 2201,МО | ,2201 | Пятница | 15:00-18:00
P0117,Практические занятия,,Пятница,15:00,18:00,еженедельно,Педиатрический факультет,2.0,,RU,Педиатрический факультет ,2203,Педиатрический факультет / 2 курс,ВС,Внешний совместитель / ФИО не установлено,Внешний совместитель / ФИО не установлено,142-2,,,ВС: ФИО не установлено,Расписание_26_08_ФИНАЛ.docx,,2203  ВС 142-2,практические занятия | пятница | 15:00 | 18:00 | 2203 | вс | внешний совместитель / фио не установлено | 142-2,ВС | Внешний совместитель / ФИО не установлено | установлено | В с / Ф н у,2203 | 2203 group | group 2203 | гр 2203 | группа 2203,ВС | ,2203 | Пятница | 15:00-18:00
P0118,Практические занятия,,Пятница,15:30,18:30,еженедельно,Педиатрический факультет,2.0,,RU,Педиатрический факультет ,2202,Педиатрический факультет / 2 курс,ЕМО,Корниенко Елизавета Маргарита Олеговна,Корниенко Елизавета Маргарита Олеговна,133,,,,Расписание_26_08_ФИНАЛ.docx,,2202  ЕМО 133,практические занятия | пятница | 15:30 | 18:30 | 2202 | емо | корниенко елена михайловна олеговна | 133,ЕМО | Корниенко Елена Михайловна Олеговна | Олеговна | К Е М О,2202 | 2202 group | group 2202 | гр 2202 | группа 2202,ЕМО | ,2202 | Пятница | 15:30-18:30
P0119,Практические занятия,,Понедельник,15:30,17:45,еженедельно,Стоматологический факультет,2.0,1 поток,RU,Стоматологический факультет 1 поток,7206,Стоматологический факультет / 2 курс / 1 поток,ЕМО,Корниенко Елизавета Маргарита Олеговна,Корниенко Елизавета Маргарита Олеговна,133,,,,Расписание_26_08_ФИНАЛ.docx,,7206  ЕМО 133,практические занятия | понедельник | 15:30 | 17:45 | 7206 | емо | корниенко елена михайловна олеговна | 133,ЕМО | Корниенко Елена Михайловна Олеговна | Олеговна | К Е М О,7206 | 7206 group | group 7206 | гр 7206 | группа 7206,ЕМО | ,7206 | Понедельник | 15:30-17:45
P0120,Практические занятия,,Понедельник,15:30,17:45,еженедельно,"МФИУ, Dentistry",2.0,,EN,"МФИУ, Dentistry ",6250ая,"МФИУ, Dentistry / 2 курс",ПТА,Пупа Татьяна Александровна,Пупа Татьяна Александровна,143,,,,Расписание_26_08_ФИНАЛ.docx,,6250ая ПТА 143,практические занятия | понедельник | 15:30 | 17:45 | 6250ая | пта | пупа татьяна александровна | 143,ПТА | Пупа Татьяна Александровна | Александровна | П Т А,6250ая | 6250ая group | group 6250ая | гр 6250ая | группа 6250ая,ПТА | ,6250ая | Понедельник | 15:30-17:45
P0121,Практические занятия,,Понедельник,15:30,17:45,еженедельно,Фармацевтический факультет,1.0,,RU,Фармацевтический факультет ,8107,Фармацевтический факультет / 1 курс,ЮЮ,Юшкевич Юлия Юрьевна,Юшкевич Юлия Юрьевна,129,,,,Расписание_26_08_ФИНАЛ.docx,,8107 ЮЮ 129,практические занятия | понедельник | 15:30 | 17:45 | 8107 | юю | юшкевич юлия юрьевна | 129,ЮЮ | Юшкевич Юлия Юрьевна | Юрьевна | Ю Ю Ю,8107 | 8107 group | group 8107 | гр 8107 | группа 8107,ЮЮ | ,8107 | Понедельник | 15:30-17:45
P0122,Практические занятия,,Четверг,15:35,17:50,еженедельно,"МФИУ, Dentistry",2.0,,RU,"МФИУ, Dentistry ",6254,"МФИУ, Dentistry / 2 курс",ЮЮ,Юшкевич Юлия Юрьевна,Юшкевич Юлия Юрьевна,127,,,,Расписание_26_08_ФИНАЛ.docx,,6254  ЮЮ 127,практические занятия | четверг | 15:35 | 17:50 | 6254 | юю | юшкевич юлия юрьевна | 127,ЮЮ | Юшкевич Юлия Юрьевна | Юрьевна | Ю Ю Ю,6254 | 6254 group | group 6254 | гр 6254 | группа 6254,ЮЮ | ,6254 | Четверг | 15:35-17:50
P0123,Практические занятия,,Четверг,15:40,17:55,еженедельно,Стоматологический факультет,2.0,2 поток,RU,Стоматологический факультет 2 поток,7216,Стоматологический факультет / 2 курс / 2 поток,ВС,Внешний совместитель / ФИО не установлено,Внешний совместитель / ФИО не установлено,133,,,ВС: ФИО не установлено,Расписание_26_08_ФИНАЛ.docx,,7216  ВС 133,практические занятия | четверг | 15:40 | 17:55 | 7216 | вс | внешний совместитель / фио не установлено | 133,ВС | Внешний совместитель / ФИО не установлено | установлено | В с / Ф н у,7216 | 7216 group | group 7216 | гр 7216 | группа 7216,ВС | ,7216 | Четверг | 15:40-17:55
P0124,Практические занятия,,Среда,15:45,18:00,еженедельно,"МФИУ, Dentistry",2.0,,RU,"МФИУ, Dentistry ",6246,"МФИУ, Dentistry / 2 курс",ЮЮ,Юшкевич Юлия Юрьевна,Юшкевич Юлия Юрьевна,102,,,,Расписание_26_08_ФИНАЛ.docx,,6246  ЮЮ 102,практические занятия | среда | 15:45 | 18:00 | 6246 | юю | юшкевич юлия юрьевна | 102,ЮЮ | Юшкевич Юлия Юрьевна | Юрьевна | Ю Ю Ю,6246 | 6246 group | group 6246 | гр 6246 | группа 6246,ЮЮ | ,6246 | Среда | 15:45-18:00
P0125,Практические занятия,,Среда,15:45,18:00,еженедельно,"МФИУ, Dentistry",2.0,,EN,"МФИУ, Dentistry ",6251ая,"МФИУ, Dentistry / 2 курс",ФВН,Фоменко Виктор Николаевич,Фоменко Виктор Николаевич,128,,,,Расписание_26_08_ФИНАЛ.docx,,6251ая  ФВН 128,практические занятия | среда | 15:45 | 18:00 | 6251ая | фвн | фоменко виктор николаевич | 128,ФВН | Фоменко Виктор Николаевич | Николаевич | Ф В Н,6251ая | 6251ая group | group 6251ая | гр 6251ая | группа 6251ая,ФВН | ,6251ая | Среда | 15:45-18:00
P0126,Практические занятия,,Вторник,16:35,18:50,еженедельно,"МФИУ, Dentistry",2.0,,RU,"МФИУ, Dentistry ",6241,"МФИУ, Dentistry / 2 курс",СИА,Сергеев Иван Алексеевич,Сергеев Иван Алексеевич,102,,,,Расписание_26_08_ФИНАЛ.docx,,6241  СИА 102,практические занятия | вторник | 16:35 | 18:50 | 6241 | сиа | сергеев иван александрович | 102,СИА | Сергеев Иван Алексеевич | Александрович | С И А,6241 | 6241 group | group 6241 | гр 6241 | группа 6241,СИА | ,6241 | Вторник | 16:35-18:50
P0127,Практические занятия,,Вторник,16:35,18:50,еженедельно,"МФИУ, Dentistry",2.0,,RU,"МФИУ, Dentistry ",6247,"МФИУ, Dentistry / 2 курс",ЮЮ,Юшкевич Юлия Юрьевна,Юшкевич Юлия Юрьевна,130,,,,Расписание_26_08_ФИНАЛ.docx,,6247  ЮЮ 130,практические занятия | вторник | 16:35 | 18:50 | 6247 | юю | юшкевич юлия юрьевна | 130,ЮЮ | Юшкевич Юлия Юрьевна | Юрьевна | Ю Ю Ю,6247 | 6247 group | group 6247 | гр 6247 | группа 6247,ЮЮ | ,6247 | Вторник | 16:35-18:50
PX0128,Практические занятия,2026-12-03,Четверг,15:45,18:00,однократно,"МФИУ, Dentistry",2.0,,RU,"МФИУ, Dentistry ",6254,"МФИУ, Dentistry / 2 курс",ЮЮ,Юшкевич Юлия Юрьевна,Юшкевич Юлия Юрьевна,,,,Особая дата/время указаны в расписании 26.08,Расписание_26_08_ФИНАЛ.docx,,6254 (3 декабря)  ЮЮ,практические занятия | четверг | 15:45 | 18:00 | 6254 | юю | юшкевич юлия юрьевна,ЮЮ | Юшкевич Юлия Юрьевна | Юрьевна | Ю Ю Ю,6254 | 6254 group | group 6254 | гр 6254 | группа 6254,ЮЮ | 2026-12-03,6254 | Четверг | 15:45-18:00
PX0129,Практические занятия,2026-12-02,Среда,16:30,18:45,однократно,"МФИУ, Dentistry",2.0,,RU,"МФИУ, Dentistry ",6246,"МФИУ, Dentistry / 2 курс",ЮЮ,Юшкевич Юлия Юрьевна,Юшкевич Юлия Юрьевна,,,,Особая дата/время указаны в расписании 26.08,Расписание_26_08_ФИНАЛ.docx,,6246 (2 декабря)  ЮЮ,практические занятия | среда | 16:30 | 18:45 | 6246 | юю | юшкевич юлия юрьевна,ЮЮ | Юшкевич Юлия Юрьевна | Юрьевна | Ю Ю Ю,6246 | 6246 group | group 6246 | гр 6246 | группа 6246,ЮЮ | 2026-12-02,6246 | Среда | 16:30-18:45
L0001,Лекции,2026-09-01,Вторник,10:25,11:25,однократно,Лечебный / Педиатрический / МФИУ,,"Леч (General Medicine, англ.)",EN,,,"Леч (General Medicine, англ.)",ТГ,Северина Татьяна Геннадьевна,Северина Татьяна Геннадьевна,,,The subject and tasks of Normal Physiology. Homeostasis. Physical and chemical constants of blood,,Сводка_лекций_осень_2026.xlsx,1.0,"01.09.2026 | 10.25-11.25 | Леч (General Medicine, англ.) | The subject and tasks of Normal Physiology. Homeostasis. Physical and chemical constants of blood | Северина Т.Г.",лекции | вторник | 10:25 | 11:25 | тг | северина татьяна геннадьевна | the subject and tasks of normal physiology. homeostasis. physical and chemical constants of blood,ТГ | Северина Татьяна Геннадьевна | Геннадьевна | С Т Г,,ТГ | 2026-09-01, | Вторник | 10:25-11:25
L0002,Лекции,2026-09-01,Вторник,13:45,14:45,однократно,Лечебный / Педиатрический / МФИУ,,Леч/Пед/МФИУ,RU,,,Леч/Пед/МФИУ,ПВА,Переверзев Владимир Алексеевич,Переверзев Владимир Алексеевич,,,Предмет и задачи нормальной физиологии. Гомеостаз. Физико-химические свойства крови,,Сводка_лекций_осень_2026.xlsx,2.0,01.09.2026 | 13.45-14.45 | Леч/Пед/МФИУ | Предмет и задачи нормальной физиологии. Гомеостаз. Физико-химические свойства крови | Переверзев В.А.,лекции | вторник | 13:45 | 14:45 | пва | переверзев владимир алексеевич | предмет и задачи нормальной физиологии. гомеостаз. физико-химические свойства крови,ПВА | Переверзев Владимир Алексеевич | Алексеевич | П В А,,ПВА | 2026-09-01, | Вторник | 13:45-14:45
L0003,Лекции,2026-09-01,Вторник,14:25,15:25,однократно,Фармацевтический факультет,,Фармация (англ.),EN,,,Фармация (англ.),ЮВ,Гайкович Юлия Владимировна,Гайкович Юлия Владимировна,,,The subject and tasks of human anatomy and physiology. Biological basis of human life activity.  Fundamentals of information exchange between the cell and the environment.,,Сводка_лекций_осень_2026.xlsx,3.0,01.09.2026 | 14.25-15.25 | Фармация (англ.) | The subject and tasks of human anatomy and physiology. Biological basis of human life activity.  Fundamentals of information exchange between the cell and the environment. | Гайкович Ю.В.,лекции | вторник | 14:25 | 15:25 | юв | гайкович юлия владимировна | the subject and tasks of human anatomy and physiology. biological basis of human life activity.  fundamentals of information exchange between the cell and the environment.,ЮВ | Гайкович Юлия Владимировна | Владимировна | Г Ю В,,ЮВ | 2026-09-01, | Вторник | 14:25-15:25
L0004,Лекции,2026-09-02,Среда,11:35,12:35,однократно,Лечебный / Педиатрический / МФИУ,,"Леч (General Medicine, англ.)",EN,,,"Леч (General Medicine, англ.)",ТГ,Северина Татьяна Геннадьевна,Северина Татьяна Геннадьевна,,,The subject and tasks of Normal Physiology. Homeostasis. Physical and chemical constants of blood,,Сводка_лекций_осень_2026.xlsx,4.0,"02.09.2026 | 11.35-12.35 | Леч (General Medicine, англ.) | The subject and tasks of Normal Physiology. Homeostasis. Physical and chemical constants of blood | Северина Т.Г.",лекции | среда | 11:35 | 12:35 | тг | северина татьяна геннадьевна | the subject and tasks of normal physiology. homeostasis. physical and chemical constants of blood,ТГ | Северина Татьяна Геннадьевна | Геннадьевна | С Т Г,,ТГ | 2026-09-02, | Среда | 11:35-12:35
L0005,Лекции,2026-09-02,Среда,12:50,13:50,однократно,Лечебный / Педиатрический / МФИУ,,Леч/Пед/МФИУ,RU,,,Леч/Пед/МФИУ,ВИВ,Власенко Василий Иванович,Власенко Василий Иванович,,,Предмет и задачи нормальной физиологии. Гомеостаз. Физико-химические свойства крови,,Сводка_лекций_осень_2026.xlsx,5.0,02.09.2026 | 12.50-13.50 | Леч/Пед/МФИУ | Предмет и задачи нормальной физиологии. Гомеостаз. Физико-химические свойства крови | Власенко В.И.,лекции | среда | 12:50 | 13:50 | вив | власенко виктория ивановна | предмет и задачи нормальной физиологии. гомеостаз. физико-химические свойства крови,ВИВ | Власенко Василий Иванович | Ивановна | В В И,,ВИВ | 2026-09-02, | Среда | 12:50-13:50
L0006,Лекции,2026-09-04,Пятница,09:35,10:35,однократно,Фармацевтический факультет,,Фармация,RU,,,Фармация,ПВА,Переверзев Владимир Алексеевич,Переверзев Владимир Алексеевич,,,Цель и задачи анатомии и физиологии человека. Биологические основы жизнедеятельности человека. Основы информационного обмена клетки с окружающей средой,,Сводка_лекций_осень_2026.xlsx,6.0,04.09.2026 | 09.35-10.35 | Фармация | Цель и задачи анатомии и физиологии человека. Биологические основы жизнедеятельности человека. Основы информационного обмена клетки с окружающей средой | Переверзев В.А.,лекции | пятница | 09:35 | 10:35 | пва | переверзев владимир алексеевич | цель и задачи анатомии и физиологии человека. биологические основы жизнедеятельности человека. основы информационного обмена клетки с окружающей средой,ПВА | Переверзев Владимир Алексеевич | Алексеевич | П В А,,ПВА | 2026-09-04, | Пятница | 09:35-10:35
L0007,Лекции,2026-09-04,Пятница,08:00,09:00,однократно,Лечебный / Педиатрический / МФИУ,,Леч/Пед/МФИУ,RU,,,Леч/Пед/МФИУ,ВИВ,Власенко Василий Иванович,Власенко Василий Иванович,,,Предмет и задачи нормальной физиологии. Гомеостаз. Физико-химические свойства крови,,Сводка_лекций_осень_2026.xlsx,7.0,04.09.2026 | 8.00-9.00 | Леч/Пед/МФИУ | Предмет и задачи нормальной физиологии. Гомеостаз. Физико-химические свойства крови | Власенко В.И.,лекции | пятница | 8:00 | 9:00 | вив | власенко виктория ивановна | предмет и задачи нормальной физиологии. гомеостаз. физико-химические свойства крови,ВИВ | Власенко Василий Иванович | Ивановна | В В И,,ВИВ | 2026-09-04, | Пятница | 8:00-9:00
L0008,Лекции,2026-09-07,Понедельник,12:30,13:30,однократно,Лечебный / Педиатрический / МФИУ,,Леч/Пед/МФИУ,RU,,,Леч/Пед/МФИУ,ПВА,Переверзев Владимир Алексеевич,Переверзев Владимир Алексеевич,,,Предмет и задачи нормальной физиологии. Гомеостаз. Физико-химические свойства крови,,Сводка_лекций_осень_2026.xlsx,8.0,07.09.2026 | 12.30-13.30 | Леч/Пед/МФИУ | Предмет и задачи нормальной физиологии. Гомеостаз. Физико-химические свойства крови | Переверзев В.А.,лекции | понедельник | 12:30 | 13:30 | пва | переверзев владимир алексеевич | предмет и задачи нормальной физиологии. гомеостаз. физико-химические свойства крови,ПВА | Переверзев Владимир Алексеевич | Алексеевич | П В А,,ПВА | 2026-09-07, | Понедельник | 12:30-13:30
L0009,Лекции,2026-09-08,Вторник,14:25,15:25,однократно,Фармацевтический факультет,,Фармация (англ.),EN,,,Фармация (англ.),ЮВ,Гайкович Юлия Владимировна,Гайкович Юлия Владимировна,,,Hemostasis. Blood types,,Сводка_лекций_осень_2026.xlsx,9.0,08.09.2026 | 14.25-15.25 | Фармация (англ.) | Hemostasis. Blood types | Гайкович Ю.В.,лекции | вторник | 14:25 | 15:25 | юв | гайкович юлия владимировна | hemostasis. blood types,ЮВ | Гайкович Юлия Владимировна | Владимировна | Г Ю В,,ЮВ | 2026-09-08, | Вторник | 14:25-15:25
L0010,Лекции,2026-09-09,Среда,10:25,11:25,однократно,Стоматологический факультет,,Стоматология,RU,,,Стоматология,ФВН,Фоменко Виктор Николаевич,Фоменко Виктор Николаевич,,,Вентиляция легких.  Газообмен в легких и тканях,,Сводка_лекций_осень_2026.xlsx,10.0,09.09.2026 | 10.25-11.25 | Стоматология | Вентиляция легких.  Газообмен в легких и тканях | Фоменко В.Н.,лекции | среда | 10:25 | 11:25 | фвн | фоменко виктор николаевич | вентиляция легких.  газообмен в легких и тканях,ФВН | Фоменко Виктор Николаевич | Николаевич | Ф В Н,,ФВН | 2026-09-09, | Среда | 10:25-11:25
L0011,Лекции,2026-09-11,Пятница,12:00,13:00,однократно,Стоматологический факультет,,Стоматология (англ.),EN,,,Стоматология (англ.),ЮВ,Гайкович Юлия Владимировна,Гайкович Юлия Владимировна,,,Ventilation of the lungs. Gas exchange in the lungs and tissues.,,Сводка_лекций_осень_2026.xlsx,11.0,11.09.2026 | 12.00-13.00 | Стоматология (англ.) | Ventilation of the lungs. Gas exchange in the lungs and tissues. | Гайкович Ю.В.,лекции | пятница | 12:00 | 13:00 | юв | гайкович юлия владимировна | ventilation of the lungs. gas exchange in the lungs and tissues.,ЮВ | Гайкович Юлия Владимировна | Владимировна | Г Ю В,,ЮВ | 2026-09-11, | Пятница | 12:00-13:00
L0012,Лекции,2026-09-14,Понедельник,10:40,11:40,однократно,Лечебный / Педиатрический / МФИУ,,Леч/Пед/МФИУ,RU,,,Леч/Пед/МФИУ,ДА,Александров Денис Александрович,Александров Денис Александрович,,,Предмет и задачи нормальной физиологии. Гомеостаз. Физико-химические свойства крови,,Сводка_лекций_осень_2026.xlsx,12.0,14.09.2026 | 10.40-11.40 | Леч/Пед/МФИУ | Предмет и задачи нормальной физиологии. Гомеостаз. Физико-химические свойства крови | Александров Д.А.,лекции | понедельник | 10:40 | 11:40 | да | александров денис александрович | предмет и задачи нормальной физиологии. гомеостаз. физико-химические свойства крови,ДА | Александров Денис Александрович | Александрович | А Д А,,ДА | 2026-09-14, | Понедельник | 10:40-11:40
L0013,Лекции,2026-09-14,Понедельник,14:40,15:40,однократно,Лечебный / Педиатрический / МФИУ,,Леч/Пед/МФИУ,RU,,,Леч/Пед/МФИУ,СИН,Семененя Игорь Николаевич,Семененя Игорь Николаевич,,,Предмет и задачи нормальной физиологии. Гомеостаз. Физико-химические свойства крови,,Сводка_лекций_осень_2026.xlsx,13.0,14.09.2026 | 14.40-15.40 | Леч/Пед/МФИУ | Предмет и задачи нормальной физиологии. Гомеостаз. Физико-химические свойства крови | Семененя И.Н.,лекции | понедельник | 14:40 | 15:40 | син | семененя игорь николаевич | предмет и задачи нормальной физиологии. гомеостаз. физико-химические свойства крови,СИН | Семененя Игорь Николаевич | Николаевич | С И Н,,СИН | 2026-09-14, | Понедельник | 14:40-15:40
L0014,Лекции,2026-09-15,Вторник,10:25,11:25,однократно,Лечебный / Педиатрический / МФИУ,,"Леч (General Medicine, англ.)",EN,,,"Леч (General Medicine, англ.)",ТГ,Северина Татьяна Геннадьевна,Северина Татьяна Геннадьевна,,,Bases of information exchange of the cell with the environment. Chemical signaling. General physiology of the endocrine system,,Сводка_лекций_осень_2026.xlsx,14.0,"15.09.2026 | 10.25-11.25 | Леч (General Medicine, англ.) | Bases of information exchange of the cell with the environment. Chemical signaling. General physiology of the endocrine system | Северина Т.Г.",лекции | вторник | 10:25 | 11:25 | тг | северина татьяна геннадьевна | bases of information exchange of the cell with the environment. chemical signaling. general physiology of the endocrine system,ТГ | Северина Татьяна Геннадьевна | Геннадьевна | С Т Г,,ТГ | 2026-09-15, | Вторник | 10:25-11:25
L0015,Лекции,2026-09-15,Вторник,14:25,15:25,однократно,Фармацевтический факультет,,Фармация (англ.),EN,,,Фармация (англ.),ЮВ,Гайкович Юлия Владимировна,Гайкович Юлия Владимировна,,,"Endocrine system, physiological role and regulation of hormone formation. Mechanisms of hormonal regulation of physiological functions",,Сводка_лекций_осень_2026.xlsx,15.0,"15.09.2026 | 14.25-15.25 | Фармация (англ.) | Endocrine system, physiological role and regulation of hormone formation. Mechanisms of hormonal regulation of physiological functions | Гайкович Ю.В.","лекции | вторник | 14:25 | 15:25 | юв | гайкович юлия владимировна | endocrine system, physiological role and regulation of hormone formation. mechanisms of hormonal regulation of physiological functions",ЮВ | Гайкович Юлия Владимировна | Владимировна | Г Ю В,,ЮВ | 2026-09-15, | Вторник | 14:25-15:25
L0016,Лекции,2026-09-16,Среда,11:35,12:35,однократно,Лечебный / Педиатрический / МФИУ,,"Леч (General Medicine, англ.)",EN,,,"Леч (General Medicine, англ.)",ТГ,Северина Татьяна Геннадьевна,Северина Татьяна Геннадьевна,,,Bases of information exchange of the cell with the environment. Chemical signaling. General physiology of the endocrine system,,Сводка_лекций_осень_2026.xlsx,16.0,"16.09.2026 | 11.35-12.35 | Леч (General Medicine, англ.) | Bases of information exchange of the cell with the environment. Chemical signaling. General physiology of the endocrine system | Северина Т.Г.",лекции | среда | 11:35 | 12:35 | тг | северина татьяна геннадьевна | bases of information exchange of the cell with the environment. chemical signaling. general physiology of the endocrine system,ТГ | Северина Татьяна Геннадьевна | Геннадьевна | С Т Г,,ТГ | 2026-09-16, | Среда | 11:35-12:35
L0017,Лекции,2026-09-17,Четверг,12:00,13:00,однократно,Лечебный / Педиатрический / МФИУ,,Леч/Пед/МФИУ,RU,,,Леч/Пед/МФИУ,СИН,Семененя Игорь Николаевич,Семененя Игорь Николаевич,,,Предмет и задачи нормальной физиологии. Гомеостаз. Физико-химические свойства крови,,Сводка_лекций_осень_2026.xlsx,17.0,17.09.2026 | 12.00-13.00 | Леч/Пед/МФИУ | Предмет и задачи нормальной физиологии. Гомеостаз. Физико-химические свойства крови | Семененя И.Н.,лекции | четверг | 12:00 | 13:00 | син | семененя игорь николаевич | предмет и задачи нормальной физиологии. гомеостаз. физико-химические свойства крови,СИН | Семененя Игорь Николаевич | Николаевич | С И Н,,СИН | 2026-09-17, | Четверг | 12:00-13:00
L0018,Лекции,2026-09-18,Пятница,09:35,10:35,однократно,Фармацевтический факультет,,Фармация,RU,,,Фармация,ТП,Голодок Татьяна Петровна,Голодок Татьяна Петровна,,,Система гемостаза. Группы крови,,Сводка_лекций_осень_2026.xlsx,18.0,18.09.2026 | 09.35-10.35 | Фармация | Система гемостаза. Группы крови | Голодок Т.П.,лекции | пятница | 09:35 | 10:35 | тп | голодок татьяна павловна | система гемостаза. группы крови,ТП | Голодок Татьяна Павловна | Павловна | Г Т П,,ТП | 2026-09-18, | Пятница | 09:35-10:35
L0019,Лекции,2026-09-22,Вторник,14:25,15:25,однократно,Фармацевтический факультет,,Фармация (англ.),EN,,,Фармация (англ.),ЮВ,Гайкович Юлия Владимировна,Гайкович Юлия Владимировна,,,Electrical signaling. Basic laws of excitable tissues response to the stimulus action. Biological potentials. Changes of excitability during excitation,,Сводка_лекций_осень_2026.xlsx,19.0,22.09.2026 | 14.25-15.25 | Фармация (англ.) | Electrical signaling. Basic laws of excitable tissues response to the stimulus action. Biological potentials. Changes of excitability during excitation | Гайкович Ю.В.,лекции | вторник | 14:25 | 15:25 | юв | гайкович юлия владимировна | electrical signaling. basic laws of excitable tissues response to the stimulus action. biological potentials. changes of excitability during excitation,ЮВ | Гайкович Юлия Владимировна | Владимировна | Г Ю В,,ЮВ | 2026-09-22, | Вторник | 14:25-15:25
L0020,Лекции,2026-09-23,Среда,10:25,11:25,однократно,Стоматологический факультет,,Стоматология,RU,,,Стоматология,ТП,Голодок Татьяна Петровна,Голодок Татьяна Петровна,,,Пищеварение в полости рта и желудке,,Сводка_лекций_осень_2026.xlsx,20.0,23.09.2026 | 10.25-11.25 | Стоматология | Пищеварение в полости рта и желудке | Голодок Т.П.,лекции | среда | 10:25 | 11:25 | тп | голодок татьяна павловна | пищеварение в полости рта и желудке,ТП | Голодок Татьяна Павловна | Павловна | Г Т П,,ТП | 2026-09-23, | Среда | 10:25-11:25
L0021,Лекции,2026-09-25,Пятница,12:00,13:00,однократно,Стоматологический факультет,,Стоматология (англ.),EN,,,Стоматология (англ.),ЮВ,Гайкович Юлия Владимировна,Гайкович Юлия Владимировна,,,Physiology of digestion,,Сводка_лекций_осень_2026.xlsx,21.0,25.09.2026 | 12.00-13.00 | Стоматология (англ.) | Physiology of digestion | Гайкович Ю.В.,лекции | пятница | 12:00 | 13:00 | юв | гайкович юлия владимировна | physiology of digestion,ЮВ | Гайкович Юлия Владимировна | Владимировна | Г Ю В,,ЮВ | 2026-09-25, | Пятница | 12:00-13:00
L0022,Лекции,2026-09-25,Пятница,13:05,14:05,однократно,Медико-профилактический факультет,,МПФ,RU,,,МПФ,ПВА,Переверзев Владимир Алексеевич,Переверзев Владимир Алексеевич,,,Вентиляция легких,,Сводка_лекций_осень_2026.xlsx,22.0,25.09.2026 | 13.05-14.05 | МПФ | Вентиляция легких | Переверзев В.А.,лекции | пятница | 13:05 | 14:05 | пва | переверзев владимир алексеевич | вентиляция легких,ПВА | Переверзев Владимир Алексеевич | Алексеевич | П В А,,ПВА | 2026-09-25, | Пятница | 13:05-14:05
L0023,Лекции,2026-09-28,Понедельник,10:40,11:40,однократно,Лечебный / Педиатрический / МФИУ,,Леч/Пед/МФИУ,RU,,,Леч/Пед/МФИУ,ПВА,Переверзев Владимир Алексеевич,Переверзев Владимир Алексеевич,,,Основы информационного обмена клетки с окружающей средой: химическая сигнализация Общая физиология эндокринной системы,,Сводка_лекций_осень_2026.xlsx,23.0,28.09.2026 | 10.40-11.40 | Леч/Пед/МФИУ | Основы информационного обмена клетки с окружающей средой: химическая сигнализация Общая физиология эндокринной системы | Переверзев В.А.,лекции | понедельник | 10:40 | 11:40 | пва | переверзев владимир алексеевич | основы информационного обмена клетки с окружающей средой: химическая сигнализация общая физиология эндокринной системы,ПВА | Переверзев Владимир Алексеевич | Алексеевич | П В А,,ПВА | 2026-09-28, | Понедельник | 10:40-11:40
L0024,Лекции,2026-09-28,Понедельник,12:30,13:30,однократно,Лечебный / Педиатрический / МФИУ,,Леч/Пед/МФИУ,RU,,,Леч/Пед/МФИУ,ПТА,Пупа Татьяна Александровна,Пупа Татьяна Александровна,,,Основы информационного обмена клетки с окружающей средой: химическая сигнализация Общая физиология эндокринной системы,,Сводка_лекций_осень_2026.xlsx,24.0,28.09.2026 | 12.30-13.30 | Леч/Пед/МФИУ | Основы информационного обмена клетки с окружающей средой: химическая сигнализация Общая физиология эндокринной системы | Пупа Т.А.,лекции | понедельник | 12:30 | 13:30 | пта | пупа татьяна александровна | основы информационного обмена клетки с окружающей средой: химическая сигнализация общая физиология эндокринной системы,ПТА | Пупа Татьяна Александровна | Александровна | П Т А,,ПТА | 2026-09-28, | Понедельник | 12:30-13:30
L0025,Лекции,2026-09-28,Понедельник,14:40,15:40,однократно,Лечебный / Педиатрический / МФИУ,,Леч/Пед/МФИУ,RU,,,Леч/Пед/МФИУ,ВИВ,Власенко Василий Иванович,Власенко Василий Иванович,,,Основы информационного обмена клетки с окружающей средой: химическая сигнализация Общая физиология эндокринной системы,,Сводка_лекций_осень_2026.xlsx,25.0,28.09.2026 | 14.40-15.40 | Леч/Пед/МФИУ | Основы информационного обмена клетки с окружающей средой: химическая сигнализация Общая физиология эндокринной системы | Власенко В.И.,лекции | понедельник | 14:40 | 15:40 | вив | власенко виктория ивановна | основы информационного обмена клетки с окружающей средой: химическая сигнализация общая физиология эндокринной системы,ВИВ | Власенко Василий Иванович | Ивановна | В В И,,ВИВ | 2026-09-28, | Понедельник | 14:40-15:40
L0026,Лекции,2026-09-29,Вторник,10:25,11:25,однократно,Лечебный / Педиатрический / МФИУ,,"Леч (General Medicine, англ.)",EN,,,"Леч (General Medicine, англ.)",ТГ,Северина Татьяна Геннадьевна,Северина Татьяна Геннадьевна,,,Physiology of endocrine system,,Сводка_лекций_осень_2026.xlsx,26.0,"29.09.2026 | 10.25-11.25 | Леч (General Medicine, англ.) | Physiology of endocrine system | Северина Т.Г.",лекции | вторник | 10:25 | 11:25 | тг | северина татьяна геннадьевна | physiology of endocrine system,ТГ | Северина Татьяна Геннадьевна | Геннадьевна | С Т Г,,ТГ | 2026-09-29, | Вторник | 10:25-11:25
L0027,Лекции,2026-09-29,Вторник,13:10,14:10,однократно,Стоматологический факультет,,Стоматология,RU,,,Стоматология,ВИВ,Власенко Василий Иванович,Власенко Василий Иванович,,,Вентиляция легких.  Газообмен в легких и тканях,,Сводка_лекций_осень_2026.xlsx,27.0,29.09.2026 | 13.10-14.10 | Стоматология | Вентиляция легких.  Газообмен в легких и тканях | Власенко В.И.,лекции | вторник | 13:10 | 14:10 | вив | власенко виктория ивановна | вентиляция легких.  газообмен в легких и тканях,ВИВ | Власенко Василий Иванович | Ивановна | В В И,,ВИВ | 2026-09-29, | Вторник | 13:10-14:10
L0028,Лекции,2026-09-29,Вторник,13:45,14:45,однократно,Лечебный / Педиатрический / МФИУ,,Леч/Пед/МФИУ,RU,,,Леч/Пед/МФИУ,ПВА,Переверзев Владимир Алексеевич,Переверзев Владимир Алексеевич,,,Основы информационного обмена клетки с окружающей средой: химическая сигнализация Общая физиология эндокринной системы,,Сводка_лекций_осень_2026.xlsx,28.0,29.09.2026 | 13.45-14.45 | Леч/Пед/МФИУ | Основы информационного обмена клетки с окружающей средой: химическая сигнализация Общая физиология эндокринной системы | Переверзев В.А.,лекции | вторник | 13:45 | 14:45 | пва | переверзев владимир алексеевич | основы информационного обмена клетки с окружающей средой: химическая сигнализация общая физиология эндокринной системы,ПВА | Переверзев Владимир Алексеевич | Алексеевич | П В А,,ПВА | 2026-09-29, | Вторник | 13:45-14:45
L0029,Лекции,2026-09-29,Вторник,14:25,15:25,однократно,Фармацевтический факультет,,Фармация (англ.),EN,,,Фармация (англ.),ЮВ,Гайкович Юлия Владимировна,Гайкович Юлия Владимировна,,,"Structure and functions of peripheral nerves, conduction of excitation along them. Synaptic transmission",,Сводка_лекций_осень_2026.xlsx,29.0,"29.09.2026 | 14.25-15.25 | Фармация (англ.) | Structure and functions of peripheral nerves, conduction of excitation along them. Synaptic transmission | Гайкович Ю.В.","лекции | вторник | 14:25 | 15:25 | юв | гайкович юлия владимировна | structure and functions of peripheral nerves, conduction of excitation along them. synaptic transmission",ЮВ | Гайкович Юлия Владимировна | Владимировна | Г Ю В,,ЮВ | 2026-09-29, | Вторник | 14:25-15:25
L0030,Лекции,2026-09-30,Среда,11:35,12:35,однократно,Лечебный / Педиатрический / МФИУ,,"Леч (General Medicine, англ.)",EN,,,"Леч (General Medicine, англ.)",ТГ,Северина Татьяна Геннадьевна,Северина Татьяна Геннадьевна,,,Physiology of endocrine system,,Сводка_лекций_осень_2026.xlsx,30.0,"30.09.2026 | 11.35-12.35 | Леч (General Medicine, англ.) | Physiology of endocrine system | Северина Т.Г.",лекции | среда | 11:35 | 12:35 | тг | северина татьяна геннадьевна | physiology of endocrine system,ТГ | Северина Татьяна Геннадьевна | Геннадьевна | С Т Г,,ТГ | 2026-09-30, | Среда | 11:35-12:35
L0031,Лекции,2026-09-30,Среда,12:50,13:50,однократно,Лечебный / Педиатрический / МФИУ,,Леч/Пед/МФИУ,RU,,,Леч/Пед/МФИУ,ВИВ,Власенко Василий Иванович,Власенко Василий Иванович,,,Основы информационного обмена клетки с окружающей средой: химическая сигнализация Общая физиология эндокринной системы,,Сводка_лекций_осень_2026.xlsx,31.0,30.09.2026 | 12.50-13.50 | Леч/Пед/МФИУ | Основы информационного обмена клетки с окружающей средой: химическая сигнализация Общая физиология эндокринной системы | Власенко В.И.,лекции | среда | 12:50 | 13:50 | вив | власенко виктория ивановна | основы информационного обмена клетки с окружающей средой: химическая сигнализация общая физиология эндокринной системы,ВИВ | Власенко Василий Иванович | Ивановна | В В И,,ВИВ | 2026-09-30, | Среда | 12:50-13:50
L0032,Лекции,2026-10-01,Четверг,12:00,13:00,однократно,Лечебный / Педиатрический / МФИУ,,Леч/Пед/МФИУ,RU,,,Леч/Пед/МФИУ,ПТА,Пупа Татьяна Александровна,Пупа Татьяна Александровна,,,Основы информационного обмена клетки с окружающей средой: химическая сигнализация Общая физиология эндокринной системы,,Сводка_лекций_осень_2026.xlsx,32.0,01.10.2026 | 12.00-13.00 | Леч/Пед/МФИУ | Основы информационного обмена клетки с окружающей средой: химическая сигнализация Общая физиология эндокринной системы | Пупа Т.А.,лекции | четверг | 12:00 | 13:00 | пта | пупа татьяна александровна | основы информационного обмена клетки с окружающей средой: химическая сигнализация общая физиология эндокринной системы,ПТА | Пупа Татьяна Александровна | Александровна | П Т А,,ПТА | 2026-10-01, | Четверг | 12:00-13:00
L0033,Лекции,2026-10-02,Пятница,09:35,10:35,однократно,Фармацевтический факультет,,Фармация,RU,,,Фармация,ПВА,Переверзев Владимир Алексеевич,Переверзев Владимир Алексеевич,,,"Эндокринная система, физиологическая роль и регуляция образования гормонов. Механизмы гормональной регуляции физиологических функций",,Сводка_лекций_осень_2026.xlsx,33.0,"02.10.2026 | 09.35-10.35 | Фармация | Эндокринная система, физиологическая роль и регуляция образования гормонов. Механизмы гормональной регуляции физиологических функций | Переверзев В.А.","лекции | пятница | 09:35 | 10:35 | пва | переверзев владимир алексеевич | эндокринная система, физиологическая роль и регуляция образования гормонов. механизмы гормональной регуляции физиологических функций",ПВА | Переверзев Владимир Алексеевич | Алексеевич | П В А,,ПВА | 2026-10-02, | Пятница | 09:35-10:35
L0034,Лекции,2026-10-02,Пятница,13:05,14:05,однократно,Медико-профилактический факультет,,МПФ,RU,,,МПФ,ПВА,Переверзев Владимир Алексеевич,Переверзев Владимир Алексеевич,,,Газообмен в легких и тканях. Транспорт газов кровью,,Сводка_лекций_осень_2026.xlsx,34.0,02.10.2026 | 13.05-14.05 | МПФ | Газообмен в легких и тканях. Транспорт газов кровью | Переверзев В.А.,лекции | пятница | 13:05 | 14:05 | пва | переверзев владимир алексеевич | газообмен в легких и тканях. транспорт газов кровью,ПВА | Переверзев Владимир Алексеевич | Алексеевич | П В А,,ПВА | 2026-10-02, | Пятница | 13:05-14:05
L0035,Лекции,2026-10-02,Пятница,08:00,09:00,однократно,Лечебный / Педиатрический / МФИУ,,Леч/Пед/МФИУ,RU,,,Леч/Пед/МФИУ,ВИВ,Власенко Василий Иванович,Власенко Василий Иванович,,,Основы информационного обмена клетки с окружающей средой: химическая сигнализация Общая физиология эндокринной системы,,Сводка_лекций_осень_2026.xlsx,35.0,02.10.2026 | 8.00-9.00 | Леч/Пед/МФИУ | Основы информационного обмена клетки с окружающей средой: химическая сигнализация Общая физиология эндокринной системы | Власенко В.И.,лекции | пятница | 8:00 | 9:00 | вив | власенко виктория ивановна | основы информационного обмена клетки с окружающей средой: химическая сигнализация общая физиология эндокринной системы,ВИВ | Власенко Василий Иванович | Ивановна | В В И,,ВИВ | 2026-10-02, | Пятница | 8:00-9:00
L0036,Лекции,2026-10-05,Понедельник,12:30,13:30,однократно,Лечебный / Педиатрический / МФИУ,,Леч/Пед/МФИУ,RU,,,Леч/Пед/МФИУ,МО,Абаимова Маргарита Омистеровна,Абаимова Маргарита Омистеровна,,,Физиология эндокринной системы,,Сводка_лекций_осень_2026.xlsx,36.0,05.10.2026 | 12.30-13.30 | Леч/Пед/МФИУ | Физиология эндокринной системы | Абаимова М.О.,лекции | понедельник | 12:30 | 13:30 | мо | абаимова мария олеговна | физиология эндокринной системы,МО | Абаимова Мария Олеговна | Олеговна | А М О,,МО | 2026-10-05, | Понедельник | 12:30-13:30
L0037,Лекции,2026-10-06,Вторник,13:45,14:45,однократно,Лечебный / Педиатрический / МФИУ,,Леч/Пед/МФИУ,RU,,,Леч/Пед/МФИУ,ПВА,Переверзев Владимир Алексеевич,Переверзев Владимир Алексеевич,,,Физиология эндокринной системы,,Сводка_лекций_осень_2026.xlsx,37.0,06.10.2026 | 13.45-14.45 | Леч/Пед/МФИУ | Физиология эндокринной системы | Переверзев В.А.,лекции | вторник | 13:45 | 14:45 | пва | переверзев владимир алексеевич | физиология эндокринной системы,ПВА | Переверзев Владимир Алексеевич | Алексеевич | П В А,,ПВА | 2026-10-06, | Вторник | 13:45-14:45
L0038,Лекции,2026-10-06,Вторник,14:25,15:25,однократно,Фармацевтический факультет,,Фармация (англ.),EN,,,Фармация (англ.),ЮВ,Гайкович Юлия Владимировна,Гайкович Юлия Владимировна,,,"Muscle tissue: types, structure, functions. Skeletal and smooth muscles tissues.",,Сводка_лекций_осень_2026.xlsx,38.0,"06.10.2026 | 14.25-15.25 | Фармация (англ.) | Muscle tissue: types, structure, functions. Skeletal and smooth muscles tissues. | Гайкович Ю.В.","лекции | вторник | 14:25 | 15:25 | юв | гайкович юлия владимировна | muscle tissue: types, structure, functions. skeletal and smooth muscles tissues.",ЮВ | Гайкович Юлия Владимировна | Владимировна | Г Ю В,,ЮВ | 2026-10-06, | Вторник | 14:25-15:25
L0039,Лекции,2026-10-07,Среда,10:25,11:25,однократно,Стоматологический факультет,,Стоматология,RU,,,Стоматология,АГ,Чабан Алла Геннадьевна,Чабан Алла Геннадьевна,,,Обмен веществ и энергии. Терморегуляция,,Сводка_лекций_осень_2026.xlsx,39.0,07.10.2026 | 10.25-11.25 | Стоматология | Обмен веществ и энергии. Терморегуляция | Чабан А.Г.,лекции | среда | 10:25 | 11:25 | аг | чабан анна геннадьевна | обмен веществ и энергии. терморегуляция,АГ | Чабан Анна Геннадьевна | Геннадьевна | Ч А Г,,АГ | 2026-10-07, | Среда | 10:25-11:25
L0040,Лекции,2026-10-07,Среда,12:50,13:50,однократно,Лечебный / Педиатрический / МФИУ,,Леч/Пед/МФИУ,RU,,,Леч/Пед/МФИУ,ПВА,Переверзев Владимир Алексеевич,Переверзев Владимир Алексеевич,,,Физиология эндокринной системы,,Сводка_лекций_осень_2026.xlsx,40.0,07.10.2026 | 12.50-13.50 | Леч/Пед/МФИУ | Физиология эндокринной системы | Переверзев В.А.,лекции | среда | 12:50 | 13:50 | пва | переверзев владимир алексеевич | физиология эндокринной системы,ПВА | Переверзев Владимир Алексеевич | Алексеевич | П В А,,ПВА | 2026-10-07, | Среда | 12:50-13:50
L0041,Лекции,2026-10-08,Четверг,13:10,14:10,однократно,Стоматологический факультет,,Стоматология,RU,,,Стоматология,ПТА,Пупа Татьяна Александровна,Пупа Татьяна Александровна,,,Вентиляция легких.  Газообмен в легких и тканях,,Сводка_лекций_осень_2026.xlsx,41.0,08.10.2026 | 13.10-14.10 | Стоматология | Вентиляция легких.  Газообмен в легких и тканях | Пупа Т.А.,лекции | четверг | 13:10 | 14:10 | пта | пупа татьяна александровна | вентиляция легких.  газообмен в легких и тканях,ПТА | Пупа Татьяна Александровна | Александровна | П Т А,,ПТА | 2026-10-08, | Четверг | 13:10-14:10
L0042,Лекции,2026-10-09,Пятница,12:00,13:00,однократно,Стоматологический факультет,,Стоматология (англ.),EN,,,Стоматология (англ.),ФВН,Фоменко Виктор Николаевич,Фоменко Виктор Николаевич,,,Energy balance and metabolism. Physiology of thermoregulation,,Сводка_лекций_осень_2026.xlsx,42.0,09.10.2026 | 12.00-13.00 | Стоматология (англ.) | Energy balance and metabolism. Physiology of thermoregulation | Фоменко В.Н.,лекции | пятница | 12:00 | 13:00 | фвн | фоменко виктор николаевич | energy balance and metabolism. physiology of thermoregulation,ФВН | Фоменко Виктор Николаевич | Николаевич | Ф В Н,,ФВН | 2026-10-09, | Пятница | 12:00-13:00
L0043,Лекции,2026-10-09,Пятница,13:05,14:05,однократно,Медико-профилактический факультет,,МПФ,RU,,,МПФ,ПВА,Переверзев Владимир Алексеевич,Переверзев Владимир Алексеевич,,,Регуляция дыхания,,Сводка_лекций_осень_2026.xlsx,43.0,09.10.2026 | 13.05-14.05 | МПФ | Регуляция дыхания | Переверзев В.А.,лекции | пятница | 13:05 | 14:05 | пва | переверзев владимир алексеевич | регуляция дыхания,ПВА | Переверзев Владимир Алексеевич | Алексеевич | П В А,,ПВА | 2026-10-09, | Пятница | 13:05-14:05
L0044,Лекции,2026-10-09,Пятница,08:00,09:00,однократно,Лечебный / Педиатрический / МФИУ,,Леч/Пед/МФИУ,RU,,,Леч/Пед/МФИУ,АГ,Чабан Алла Геннадьевна,Чабан Алла Геннадьевна,,,Физиология эндокринной системы,,Сводка_лекций_осень_2026.xlsx,44.0,09.10.2026 | 8.00-9.00 | Леч/Пед/МФИУ | Физиология эндокринной системы | Чабан А.Г.,лекции | пятница | 8:00 | 9:00 | аг | чабан анна геннадьевна | физиология эндокринной системы,АГ | Чабан Анна Геннадьевна | Геннадьевна | Ч А Г,,АГ | 2026-10-09, | Пятница | 8:00-9:00
L0045,Лекции,2026-10-12,Понедельник,10:40,11:40,однократно,Лечебный / Педиатрический / МФИУ,,Леч/Пед/МФИУ,RU,,,Леч/Пед/МФИУ,МО,Абаимова Маргарита Омистеровна,Абаимова Маргарита Омистеровна,,,Физиология эндокринной системы,,Сводка_лекций_осень_2026.xlsx,45.0,12.10.2026 | 10.40-11.40 | Леч/Пед/МФИУ | Физиология эндокринной системы | Абаимова М.О.,лекции | понедельник | 10:40 | 11:40 | мо | абаимова мария олеговна | физиология эндокринной системы,МО | Абаимова Мария Олеговна | Олеговна | А М О,,МО | 2026-10-12, | Понедельник | 10:40-11:40
L0046,Лекции,2026-10-12,Понедельник,14:40,15:40,однократно,Лечебный / Педиатрический / МФИУ,,Леч/Пед/МФИУ,RU,,,Леч/Пед/МФИУ,СИН,Семененя Игорь Николаевич,Семененя Игорь Николаевич,,,Физиология эндокринной системы,,Сводка_лекций_осень_2026.xlsx,46.0,12.10.2026 | 14.40-15.40 | Леч/Пед/МФИУ | Физиология эндокринной системы | Семененя И.Н.,лекции | понедельник | 14:40 | 15:40 | син | семененя игорь николаевич | физиология эндокринной системы,СИН | Семененя Игорь Николаевич | Николаевич | С И Н,,СИН | 2026-10-12, | Понедельник | 14:40-15:40
L0047,Лекции,2026-10-13,Вторник,10:25,11:25,однократно,Лечебный / Педиатрический / МФИУ,,"Леч (General Medicine, англ.)",EN,,,"Леч (General Medicine, англ.)",ТГ,Северина Татьяна Геннадьевна,Северина Татьяна Геннадьевна,,,Electrical signaling. Biological potentials. Conduction of excitation along the nerve fibers,,Сводка_лекций_осень_2026.xlsx,47.0,"13.10.2026 | 10.25-11.25 | Леч (General Medicine, англ.) | Electrical signaling. Biological potentials. Conduction of excitation along the nerve fibers | Северина Т.Г.",лекции | вторник | 10:25 | 11:25 | тг | северина татьяна геннадьевна | electrical signaling. biological potentials. conduction of excitation along the nerve fibers,ТГ | Северина Татьяна Геннадьевна | Геннадьевна | С Т Г,,ТГ | 2026-10-13, | Вторник | 10:25-11:25
L0048,Лекции,2026-10-13,Вторник,13:45,14:45,однократно,Лечебный / Педиатрический / МФИУ,,Леч/Пед/МФИУ,RU,,,Леч/Пед/МФИУ,ПВА,Переверзев Владимир Алексеевич,Переверзев Владимир Алексеевич,,,Электрическая сигнализация. Биологические потенциалы. Проведение возбуждения по нервным волокнам,,Сводка_лекций_осень_2026.xlsx,48.0,13.10.2026 | 13.45-14.45 | Леч/Пед/МФИУ | Электрическая сигнализация. Биологические потенциалы. Проведение возбуждения по нервным волокнам | Переверзев В.А.,лекции | вторник | 13:45 | 14:45 | пва | переверзев владимир алексеевич | электрическая сигнализация. биологические потенциалы. проведение возбуждения по нервным волокнам,ПВА | Переверзев Владимир Алексеевич | Алексеевич | П В А,,ПВА | 2026-10-13, | Вторник | 13:45-14:45
L0049,Лекции,2026-10-13,Вторник,14:25,15:25,однократно,Фармацевтический факультет,,Фармация (англ.),EN,,,Фармация (англ.),ЮВ,Гайкович Юлия Владимировна,Гайкович Юлия Владимировна,,,General physiology of central nervous system. Nervous centers. Refectory theory,,Сводка_лекций_осень_2026.xlsx,49.0,13.10.2026 | 14.25-15.25 | Фармация (англ.) | General physiology of central nervous system. Nervous centers. Refectory theory | Гайкович Ю.В.,лекции | вторник | 14:25 | 15:25 | юв | гайкович юлия владимировна | general physiology of central nervous system. nervous centers. refectory theory,ЮВ | Гайкович Юлия Владимировна | Владимировна | Г Ю В,,ЮВ | 2026-10-13, | Вторник | 14:25-15:25
L0050,Лекции,2026-10-14,Среда,11:35,12:35,однократно,Лечебный / Педиатрический / МФИУ,,"Леч (General Medicine, англ.)",EN,,,"Леч (General Medicine, англ.)",ТГ,Северина Татьяна Геннадьевна,Северина Татьяна Геннадьевна,,,Electrical signaling. Biological potentials. Conduction of excitation along the nerve fibers,,Сводка_лекций_осень_2026.xlsx,50.0,"14.10.2026 | 11.35-12.35 | Леч (General Medicine, англ.) | Electrical signaling. Biological potentials. Conduction of excitation along the nerve fibers | Северина Т.Г.",лекции | среда | 11:35 | 12:35 | тг | северина татьяна геннадьевна | electrical signaling. biological potentials. conduction of excitation along the nerve fibers,ТГ | Северина Татьяна Геннадьевна | Геннадьевна | С Т Г,,ТГ | 2026-10-14, | Среда | 11:35-12:35
L0051,Лекции,2026-10-15,Четверг,12:00,13:00,однократно,Лечебный / Педиатрический / МФИУ,,Леч/Пед/МФИУ,RU,,,Леч/Пед/МФИУ,СИН,Семененя Игорь Николаевич,Семененя Игорь Николаевич,,,Физиология эндокринной системы,,Сводка_лекций_осень_2026.xlsx,51.0,15.10.2026 | 12.00-13.00 | Леч/Пед/МФИУ | Физиология эндокринной системы | Семененя И.Н.,лекции | четверг | 12:00 | 13:00 | син | семененя игорь николаевич | физиология эндокринной системы,СИН | Семененя Игорь Николаевич | Николаевич | С И Н,,СИН | 2026-10-15, | Четверг | 12:00-13:00
L0052,Лекции,2026-10-16,Пятница,09:35,10:35,однократно,Фармацевтический факультет,,Фармация,RU,,,Фармация,АГ,Чабан Алла Геннадьевна,Чабан Алла Геннадьевна,,,Электрическая сигнализация. Законы реагирования возбудимых тканей. Биологические потенциалы. Изменение возбудимости при возбуждении,,Сводка_лекций_осень_2026.xlsx,52.0,16.10.2026 | 09.35-10.35 | Фармация | Электрическая сигнализация. Законы реагирования возбудимых тканей. Биологические потенциалы. Изменение возбудимости при возбуждении | Чабан А.Г.,лекции | пятница | 09:35 | 10:35 | аг | чабан анна геннадьевна | электрическая сигнализация. законы реагирования возбудимых тканей. биологические потенциалы. изменение возбудимости при возбуждении,АГ | Чабан Анна Геннадьевна | Геннадьевна | Ч А Г,,АГ | 2026-10-16, | Пятница | 09:35-10:35
L0053,Лекции,2026-10-19,Понедельник,10:40,11:40,однократно,Лечебный / Педиатрический / МФИУ,,Леч/Пед/МФИУ,RU,,,Леч/Пед/МФИУ,ПВА,Переверзев Владимир Алексеевич,Переверзев Владимир Алексеевич,,,Электрическая сигнализация. Биологические потенциалы. Проведение возбуждения по нервным волокнам,,Сводка_лекций_осень_2026.xlsx,53.0,19.10.2026 | 10.40-11.40 | Леч/Пед/МФИУ | Электрическая сигнализация. Биологические потенциалы. Проведение возбуждения по нервным волокнам | Переверзев В.А.,лекции | понедельник | 10:40 | 11:40 | пва | переверзев владимир алексеевич | электрическая сигнализация. биологические потенциалы. проведение возбуждения по нервным волокнам,ПВА | Переверзев Владимир Алексеевич | Алексеевич | П В А,,ПВА | 2026-10-19, | Понедельник | 10:40-11:40
L0054,Лекции,2026-10-19,Понедельник,12:30,13:30,однократно,Лечебный / Педиатрический / МФИУ,,Леч/Пед/МФИУ,RU,,,Леч/Пед/МФИУ,ПТА,Пупа Татьяна Александровна,Пупа Татьяна Александровна,,,Электрическая сигнализация. Биологические потенциалы. Проведение возбуждения по нервным волокнам,,Сводка_лекций_осень_2026.xlsx,54.0,19.10.2026 | 12.30-13.30 | Леч/Пед/МФИУ | Электрическая сигнализация. Биологические потенциалы. Проведение возбуждения по нервным волокнам | Пупа Т.А.,лекции | понедельник | 12:30 | 13:30 | пта | пупа татьяна александровна | электрическая сигнализация. биологические потенциалы. проведение возбуждения по нервным волокнам,ПТА | Пупа Татьяна Александровна | Александровна | П Т А,,ПТА | 2026-10-19, | Понедельник | 12:30-13:30
L0055,Лекции,2026-10-19,Понедельник,14:40,15:40,однократно,Лечебный / Педиатрический / МФИУ,,Леч/Пед/МФИУ,RU,,,Леч/Пед/МФИУ,СИН,Семененя Игорь Николаевич,Семененя Игорь Николаевич,,,Электрическая сигнализация. Биологические потенциалы. Проведение возбуждения по нервным волокнам,,Сводка_лекций_осень_2026.xlsx,55.0,19.10.2026 | 14.40-15.40 | Леч/Пед/МФИУ | Электрическая сигнализация. Биологические потенциалы. Проведение возбуждения по нервным волокнам | Семененя И.Н.,лекции | понедельник | 14:40 | 15:40 | син | семененя игорь николаевич | электрическая сигнализация. биологические потенциалы. проведение возбуждения по нервным волокнам,СИН | Семененя Игорь Николаевич | Николаевич | С И Н,,СИН | 2026-10-19, | Понедельник | 14:40-15:40
L0056,Лекции,2026-10-20,Вторник,10:25,11:25,однократно,Лечебный / Педиатрический / МФИУ,,"Леч (General Medicine, англ.)",EN,,,"Леч (General Medicine, англ.)",ТГ,Северина Татьяна Геннадьевна,Северина Татьяна Геннадьевна,,,Synaptic transmission. Neuromuscular junction,,Сводка_лекций_осень_2026.xlsx,56.0,"20.10.2026 | 10.25-11.25 | Леч (General Medicine, англ.) | Synaptic transmission. Neuromuscular junction | Северина Т.Г.",лекции | вторник | 10:25 | 11:25 | тг | северина татьяна геннадьевна | synaptic transmission. neuromuscular junction,ТГ | Северина Татьяна Геннадьевна | Геннадьевна | С Т Г,,ТГ | 2026-10-20, | Вторник | 10:25-11:25
L0057,Лекции,2026-10-20,Вторник,13:10,14:10,однократно,Стоматологический факультет,,Стоматология,RU,,,Стоматология,ВИВ,Власенко Василий Иванович,Власенко Василий Иванович,,,Пищеварение в полости рта и желудке,,Сводка_лекций_осень_2026.xlsx,57.0,20.10.2026 | 13.10-14.10 | Стоматология | Пищеварение в полости рта и желудке | Власенко В.И.,лекции | вторник | 13:10 | 14:10 | вив | власенко виктория ивановна | пищеварение в полости рта и желудке,ВИВ | Власенко Василий Иванович | Ивановна | В В И,,ВИВ | 2026-10-20, | Вторник | 13:10-14:10
L0058,Лекции,2026-10-20,Вторник,14:25,15:25,однократно,Фармацевтический факультет,,Фармация (англ.),EN,,,Фармация (англ.),ЮВ,Гайкович Юлия Владимировна,Гайкович Юлия Владимировна,,,"Autonomic nervous system: structure, functions, mechanisms of control of internal organs work. Autonomic reflexes.",,Сводка_лекций_осень_2026.xlsx,58.0,"20.10.2026 | 14.25-15.25 | Фармация (англ.) | Autonomic nervous system: structure, functions, mechanisms of control of internal organs work. Autonomic reflexes. | Гайкович Ю.В.","лекции | вторник | 14:25 | 15:25 | юв | гайкович юлия владимировна | autonomic nervous system: structure, functions, mechanisms of control of internal organs work. autonomic reflexes.",ЮВ | Гайкович Юлия Владимировна | Владимировна | Г Ю В,,ЮВ | 2026-10-20, | Вторник | 14:25-15:25
L0059,Лекции,2026-10-21,Среда,10:25,11:25,однократно,Стоматологический факультет,,Стоматология,RU,,,Стоматология,АГ,Чабан Алла Геннадьевна,Чабан Алла Геннадьевна,,,Физиология выделения,,Сводка_лекций_осень_2026.xlsx,59.0,21.10.2026 | 10.25-11.25 | Стоматология | Физиология выделения | Чабан А.Г.,лекции | среда | 10:25 | 11:25 | аг | чабан анна геннадьевна | физиология выделения,АГ | Чабан Анна Геннадьевна | Геннадьевна | Ч А Г,,АГ | 2026-10-21, | Среда | 10:25-11:25
L0060,Лекции,2026-10-21,Среда,11:35,12:35,однократно,Лечебный / Педиатрический / МФИУ,,"Леч (General Medicine, англ.)",EN,,,"Леч (General Medicine, англ.)",ТГ,Северина Татьяна Геннадьевна,Северина Татьяна Геннадьевна,,,Synaptic transmission. Neuromuscular junction,,Сводка_лекций_осень_2026.xlsx,60.0,"21.10.2026 | 11.35-12.35 | Леч (General Medicine, англ.) | Synaptic transmission. Neuromuscular junction | Северина Т.Г.",лекции | среда | 11:35 | 12:35 | тг | северина татьяна геннадьевна | synaptic transmission. neuromuscular junction,ТГ | Северина Татьяна Геннадьевна | Геннадьевна | С Т Г,,ТГ | 2026-10-21, | Среда | 11:35-12:35
L0061,Лекции,2026-10-21,Среда,12:50,13:50,однократно,Лечебный / Педиатрический / МФИУ,,Леч/Пед/МФИУ,RU,,,Леч/Пед/МФИУ,ВИВ,Власенко Василий Иванович,Власенко Василий Иванович,,,Электрическая сигнализация. Биологические потенциалы. Проведение возбуждения по нервным волокнам,,Сводка_лекций_осень_2026.xlsx,61.0,21.10.2026 | 12.50-13.50 | Леч/Пед/МФИУ | Электрическая сигнализация. Биологические потенциалы. Проведение возбуждения по нервным волокнам | Власенко В.И.,лекции | среда | 12:50 | 13:50 | вив | власенко виктория ивановна | электрическая сигнализация. биологические потенциалы. проведение возбуждения по нервным волокнам,ВИВ | Власенко Василий Иванович | Ивановна | В В И,,ВИВ | 2026-10-21, | Среда | 12:50-13:50
L0062,Лекции,2026-10-22,Четверг,12:00,13:00,однократно,Лечебный / Педиатрический / МФИУ,,Леч/Пед/МФИУ,RU,,,Леч/Пед/МФИУ,ПТА,Пупа Татьяна Александровна,Пупа Татьяна Александровна,,,Электрическая сигнализация. Биологические потенциалы. Проведение возбуждения по нервным волокнам,,Сводка_лекций_осень_2026.xlsx,62.0,22.10.2026 | 12.00-13.00 | Леч/Пед/МФИУ | Электрическая сигнализация. Биологические потенциалы. Проведение возбуждения по нервным волокнам | Пупа Т.А.,лекции | четверг | 12:00 | 13:00 | пта | пупа татьяна александровна | электрическая сигнализация. биологические потенциалы. проведение возбуждения по нервным волокнам,ПТА | Пупа Татьяна Александровна | Александровна | П Т А,,ПТА | 2026-10-22, | Четверг | 12:00-13:00
L0063,Лекции,2026-10-22,Четверг,13:10,14:10,однократно,Стоматологический факультет,,Стоматология,RU,,,Стоматология,ТП,Голодок Татьяна Петровна,Голодок Татьяна Петровна,,,Пищеварение в полости рта и желудке,,Сводка_лекций_осень_2026.xlsx,63.0,22.10.2026 | 13.10-14.10 | Стоматология | Пищеварение в полости рта и желудке | Голодок Т.П.,лекции | четверг | 13:10 | 14:10 | тп | голодок татьяна павловна | пищеварение в полости рта и желудке,ТП | Голодок Татьяна Павловна | Павловна | Г Т П,,ТП | 2026-10-22, | Четверг | 13:10-14:10
L0064,Лекции,2026-10-23,Пятница,12:00,13:00,однократно,Стоматологический факультет,,Стоматология (англ.),EN,,,Стоматология (англ.),ЮВ,Гайкович Юлия Владимировна,Гайкович Юлия Владимировна,,,Physiology of excretion,,Сводка_лекций_осень_2026.xlsx,64.0,23.10.2026 | 12.00-13.00 | Стоматология (англ.) | Physiology of excretion | Гайкович Ю.В.,лекции | пятница | 12:00 | 13:00 | юв | гайкович юлия владимировна | physiology of excretion,ЮВ | Гайкович Юлия Владимировна | Владимировна | Г Ю В,,ЮВ | 2026-10-23, | Пятница | 12:00-13:00
L0065,Лекции,2026-10-23,Пятница,08:00,09:00,однократно,Лечебный / Педиатрический / МФИУ,,Леч/Пед/МФИУ,RU,,,Леч/Пед/МФИУ,ВИВ,Власенко Василий Иванович,Власенко Василий Иванович,,,Электрическая сигнализация. Биологические потенциалы. Проведение возбуждения по нервным волокнам,,Сводка_лекций_осень_2026.xlsx,65.0,23.10.2026 | 8.00-9.00 | Леч/Пед/МФИУ | Электрическая сигнализация. Биологические потенциалы. Проведение возбуждения по нервным волокнам | Власенко В.И.,лекции | пятница | 8:00 | 9:00 | вив | власенко виктория ивановна | электрическая сигнализация. биологические потенциалы. проведение возбуждения по нервным волокнам,ВИВ | Власенко Василий Иванович | Ивановна | В В И,,ВИВ | 2026-10-23, | Пятница | 8:00-9:00
L0066,Лекции,2026-10-26,Понедельник,12:30,13:30,однократно,Лечебный / Педиатрический / МФИУ,,Леч/Пед/МФИУ,RU,,,Леч/Пед/МФИУ,ПТА,Пупа Татьяна Александровна,Пупа Татьяна Александровна,,,Синаптическая передача. Нервно-мышечное соединение,,Сводка_лекций_осень_2026.xlsx,66.0,26.10.2026 | 12.30-13.30 | Леч/Пед/МФИУ | Синаптическая передача. Нервно-мышечное соединение | Пупа Т.А.,лекции | понедельник | 12:30 | 13:30 | пта | пупа татьяна александровна | синаптическая передача. нервно-мышечное соединение,ПТА | Пупа Татьяна Александровна | Александровна | П Т А,,ПТА | 2026-10-26, | Понедельник | 12:30-13:30
L0067,Лекции,2026-10-27,Вторник,13:45,14:45,однократно,Лечебный / Педиатрический / МФИУ,,Леч/Пед/МФИУ,RU,,,Леч/Пед/МФИУ,ВИВ,Власенко Василий Иванович,Власенко Василий Иванович,,,Синаптическая передача. Нервно-мышечное соединение,,Сводка_лекций_осень_2026.xlsx,67.0,27.10.2026 | 13.45-14.45 | Леч/Пед/МФИУ | Синаптическая передача. Нервно-мышечное соединение | Власенко В.И.,лекции | вторник | 13:45 | 14:45 | вив | власенко виктория ивановна | синаптическая передача. нервно-мышечное соединение,ВИВ | Власенко Василий Иванович | Ивановна | В В И,,ВИВ | 2026-10-27, | Вторник | 13:45-14:45
L0068,Лекции,2026-10-28,Среда,11:35,12:35,однократно,Лечебный / Педиатрический / МФИУ,,"Леч (General Medicine, англ.)",EN,,,"Леч (General Medicine, англ.)",ТГ,Северина Татьяна Геннадьевна,Северина Татьяна Геннадьевна,,,Muscle physiology,,Сводка_лекций_осень_2026.xlsx,68.0,"28.10.2026 | 11.35-12.35 | Леч (General Medicine, англ.) | Muscle physiology | Северина Т.Г.",лекции | среда | 11:35 | 12:35 | тг | северина татьяна геннадьевна | muscle physiology,ТГ | Северина Татьяна Геннадьевна | Геннадьевна | С Т Г,,ТГ | 2026-10-28, | Среда | 11:35-12:35
L0069,Лекции,2026-10-30,Пятница,09:35,10:35,однократно,Фармацевтический факультет,,Фармация,RU,,,Фармация,АГ,Чабан Алла Геннадьевна,Чабан Алла Геннадьевна,,,Строение и функции периферических нервов. Синаптическая передача.,,Сводка_лекций_осень_2026.xlsx,69.0,30.10.2026 | 09.35-10.35 | Фармация | Строение и функции периферических нервов. Синаптическая передача. | Чабан А.Г.,лекции | пятница | 09:35 | 10:35 | аг | чабан анна геннадьевна | строение и функции периферических нервов. синаптическая передача.,АГ | Чабан Анна Геннадьевна | Геннадьевна | Ч А Г,,АГ | 2026-10-30, | Пятница | 09:35-10:35
L0070,Лекции,2026-10-30,Пятница,13:05,14:05,однократно,Медико-профилактический факультет,,МПФ,RU,,,МПФ,ТП,Голодок Татьяна Петровна,Голодок Татьяна Петровна,,,Физиология пищеварения,,Сводка_лекций_осень_2026.xlsx,70.0,30.10.2026 | 13.05-14.05 | МПФ | Физиология пищеварения | Голодок Т.П.,лекции | пятница | 13:05 | 14:05 | тп | голодок татьяна павловна | физиология пищеварения,ТП | Голодок Татьяна Павловна | Павловна | Г Т П,,ТП | 2026-10-30, | Пятница | 13:05-14:05
L0071,Лекции,2026-10-30,Пятница,08:00,09:00,однократно,Лечебный / Педиатрический / МФИУ,,Леч/Пед/МФИУ,RU,,,Леч/Пед/МФИУ,АГ,Чабан Алла Геннадьевна,Чабан Алла Геннадьевна,,,Синаптическая передача. Нервно-мышечное соединение,,Сводка_лекций_осень_2026.xlsx,71.0,30.10.2026 | 8.00-9.00 | Леч/Пед/МФИУ | Синаптическая передача. Нервно-мышечное соединение | Чабан А.Г.,лекции | пятница | 8:00 | 9:00 | аг | чабан анна геннадьевна | синаптическая передача. нервно-мышечное соединение,АГ | Чабан Анна Геннадьевна | Геннадьевна | Ч А Г,,АГ | 2026-10-30, | Пятница | 8:00-9:00
L0072,Лекции,2026-11-02,Понедельник,10:40,11:40,однократно,Лечебный / Педиатрический / МФИУ,,Леч/Пед/МФИУ,RU,,,Леч/Пед/МФИУ,ПТА,Пупа Татьяна Александровна,Пупа Татьяна Александровна,,,Синаптическая передача. Нервно-мышечное соединение,,Сводка_лекций_осень_2026.xlsx,72.0,02.11.2026 | 10.40-11.40 | Леч/Пед/МФИУ | Синаптическая передача. Нервно-мышечное соединение | Пупа Т.А.,лекции | понедельник | 10:40 | 11:40 | пта | пупа татьяна александровна | синаптическая передача. нервно-мышечное соединение,ПТА | Пупа Татьяна Александровна | Александровна | П Т А,,ПТА | 2026-11-02, | Понедельник | 10:40-11:40
L0073,Лекции,2026-11-02,Понедельник,12:30,13:30,однократно,Лечебный / Педиатрический / МФИУ,,Леч/Пед/МФИУ,RU,,,Леч/Пед/МФИУ,ДА,Александров Денис Александрович,Александров Денис Александрович,,,Физиология мышц,,Сводка_лекций_осень_2026.xlsx,73.0,02.11.2026 | 12.30-13.30 | Леч/Пед/МФИУ | Физиология мышц | Александров Д.А.,лекции | понедельник | 12:30 | 13:30 | да | александров денис александрович | физиология мышц,ДА | Александров Денис Александрович | Александрович | А Д А,,ДА | 2026-11-02, | Понедельник | 12:30-13:30
L0074,Лекции,2026-11-02,Понедельник,14:40,15:40,однократно,Лечебный / Педиатрический / МФИУ,,Леч/Пед/МФИУ,RU,,,Леч/Пед/МФИУ,СИН,Семененя Игорь Николаевич,Семененя Игорь Николаевич,,,Синаптическая передача. Нервно-мышечное соединение,,Сводка_лекций_осень_2026.xlsx,74.0,02.11.2026 | 14.40-15.40 | Леч/Пед/МФИУ | Синаптическая передача. Нервно-мышечное соединение | Семененя И.Н.,лекции | понедельник | 14:40 | 15:40 | син | семененя игорь николаевич | синаптическая передача. нервно-мышечное соединение,СИН | Семененя Игорь Николаевич | Николаевич | С И Н,,СИН | 2026-11-02, | Понедельник | 14:40-15:40
L0075,Лекции,2026-11-03,Вторник,10:25,11:25,однократно,Лечебный / Педиатрический / МФИУ,,"Леч (General Medicine, англ.)",EN,,,"Леч (General Medicine, англ.)",ТГ,Северина Татьяна Геннадьевна,Северина Татьяна Геннадьевна,,,Muscle physiology,,Сводка_лекций_осень_2026.xlsx,75.0,"03.11.2026 | 10.25-11.25 | Леч (General Medicine, англ.) | Muscle physiology | Северина Т.Г.",лекции | вторник | 10:25 | 11:25 | тг | северина татьяна геннадьевна | muscle physiology,ТГ | Северина Татьяна Геннадьевна | Геннадьевна | С Т Г,,ТГ | 2026-11-03, | Вторник | 10:25-11:25
L0076,Лекции,2026-11-03,Вторник,13:45,14:45,однократно,Лечебный / Педиатрический / МФИУ,,Леч/Пед/МФИУ,RU,,,Леч/Пед/МФИУ,ДА,Александров Денис Александрович,Александров Денис Александрович,,,Физиология мышц,,Сводка_лекций_осень_2026.xlsx,76.0,03.11.2026 | 13.45-14.45 | Леч/Пед/МФИУ | Физиология мышц | Александров Д.А.,лекции | вторник | 13:45 | 14:45 | да | александров денис александрович | физиология мышц,ДА | Александров Денис Александрович | Александрович | А Д А,,ДА | 2026-11-03, | Вторник | 13:45-14:45
L0077,Лекции,2026-11-04,Среда,10:25,11:25,однократно,Стоматологический факультет,,Стоматология,RU,,,Стоматология,ФВН,Фоменко Виктор Николаевич,Фоменко Виктор Николаевич,,,Физиология сенсорных систем,,Сводка_лекций_осень_2026.xlsx,77.0,04.11.2026 | 10.25-11.25 | Стоматология | Физиология сенсорных систем | Фоменко В.Н.,лекции | среда | 10:25 | 11:25 | фвн | фоменко виктор николаевич | физиология сенсорных систем,ФВН | Фоменко Виктор Николаевич | Николаевич | Ф В Н,,ФВН | 2026-11-04, | Среда | 10:25-11:25
L0078,Лекции,2026-11-04,Среда,12:50,13:50,однократно,Лечебный / Педиатрический / МФИУ,,Леч/Пед/МФИУ,RU,,,Леч/Пед/МФИУ,ТП,Голодок Татьяна Петровна,Голодок Татьяна Петровна,,,Синаптическая передача. Нервно-мышечное соединение,,Сводка_лекций_осень_2026.xlsx,78.0,04.11.2026 | 12.50-13.50 | Леч/Пед/МФИУ | Синаптическая передача. Нервно-мышечное соединение | Голодок Т.П.,лекции | среда | 12:50 | 13:50 | тп | голодок татьяна павловна | синаптическая передача. нервно-мышечное соединение,ТП | Голодок Татьяна Павловна | Павловна | Г Т П,,ТП | 2026-11-04, | Среда | 12:50-13:50
L0079,Лекции,2026-11-05,Четверг,12:00,13:00,однократно,Лечебный / Педиатрический / МФИУ,,Леч/Пед/МФИУ,RU,,,Леч/Пед/МФИУ,ПТА,Пупа Татьяна Александровна,Пупа Татьяна Александровна,,,Синаптическая передача. Нервно-мышечное соединение,,Сводка_лекций_осень_2026.xlsx,79.0,05.11.2026 | 12.00-13.00 | Леч/Пед/МФИУ | Синаптическая передача. Нервно-мышечное соединение | Пупа Т.А.,лекции | четверг | 12:00 | 13:00 | пта | пупа татьяна александровна | синаптическая передача. нервно-мышечное соединение,ПТА | Пупа Татьяна Александровна | Александровна | П Т А,,ПТА | 2026-11-05, | Четверг | 12:00-13:00
L0080,Лекции,2026-11-05,Четверг,13:10,14:10,однократно,Стоматологический факультет,,Стоматология,RU,,,Стоматология,ПТА,Пупа Татьяна Александровна,Пупа Татьяна Александровна,,,Обмен веществ и энергии. Терморегуляция,,Сводка_лекций_осень_2026.xlsx,80.0,05.11.2026 | 13.10-14.10 | Стоматология | Обмен веществ и энергии. Терморегуляция | Пупа Т.А.,лекции | четверг | 13:10 | 14:10 | пта | пупа татьяна александровна | обмен веществ и энергии. терморегуляция,ПТА | Пупа Татьяна Александровна | Александровна | П Т А,,ПТА | 2026-11-05, | Четверг | 13:10-14:10
L0081,Лекции,2026-11-06,Пятница,12:00,13:00,однократно,Стоматологический факультет,,Стоматология (англ.),EN,,,Стоматология (англ.),ФВН,Фоменко Виктор Николаевич,Фоменко Виктор Николаевич,,,Physiology of sensory systems,,Сводка_лекций_осень_2026.xlsx,81.0,06.11.2026 | 12.00-13.00 | Стоматология (англ.) | Physiology of sensory systems | Фоменко В.Н.,лекции | пятница | 12:00 | 13:00 | фвн | фоменко виктор николаевич | physiology of sensory systems,ФВН | Фоменко Виктор Николаевич | Николаевич | Ф В Н,,ФВН | 2026-11-06, | Пятница | 12:00-13:00
L0082,Лекции,2026-11-06,Пятница,13:05,14:05,однократно,Медико-профилактический факультет,,МПФ,RU,,,МПФ,АГ,Чабан Алла Геннадьевна,Чабан Алла Геннадьевна,,,Обмен веществ и энергии. Питание,,Сводка_лекций_осень_2026.xlsx,82.0,06.11.2026 | 13.05-14.05 | МПФ | Обмен веществ и энергии. Питание | Чабан А.Г.,лекции | пятница | 13:05 | 14:05 | аг | чабан анна геннадьевна | обмен веществ и энергии. питание,АГ | Чабан Анна Геннадьевна | Геннадьевна | Ч А Г,,АГ | 2026-11-06, | Пятница | 13:05-14:05
L0083,Лекции,2026-11-06,Пятница,08:00,09:00,однократно,Лечебный / Педиатрический / МФИУ,,Леч/Пед/МФИУ,RU,,,Леч/Пед/МФИУ,АГ,Чабан Алла Геннадьевна,Чабан Алла Геннадьевна,,,Физиология мышц,,Сводка_лекций_осень_2026.xlsx,83.0,06.11.2026 | 8.00-9.00 | Леч/Пед/МФИУ | Физиология мышц | Чабан А.Г.,лекции | пятница | 8:00 | 9:00 | аг | чабан анна геннадьевна | физиология мышц,АГ | Чабан Анна Геннадьевна | Геннадьевна | Ч А Г,,АГ | 2026-11-06, | Пятница | 8:00-9:00
L0084,Лекции,2026-11-09,Понедельник,10:40,11:40,однократно,Лечебный / Педиатрический / МФИУ,,Леч/Пед/МФИУ,RU,,,Леч/Пед/МФИУ,ДА,Александров Денис Александрович,Александров Денис Александрович,,,Физиология мышц,,Сводка_лекций_осень_2026.xlsx,84.0,09.11.2026 | 10.40-11.40 | Леч/Пед/МФИУ | Физиология мышц | Александров Д.А.,лекции | понедельник | 10:40 | 11:40 | да | александров денис александрович | физиология мышц,ДА | Александров Денис Александрович | Александрович | А Д А,,ДА | 2026-11-09, | Понедельник | 10:40-11:40
L0085,Лекции,2026-11-09,Понедельник,14:40,15:40,однократно,Лечебный / Педиатрический / МФИУ,,Леч/Пед/МФИУ,RU,,,Леч/Пед/МФИУ,СИН,Семененя Игорь Николаевич,Семененя Игорь Николаевич,,,Физиология мышц,,Сводка_лекций_осень_2026.xlsx,85.0,09.11.2026 | 14.40-15.40 | Леч/Пед/МФИУ | Физиология мышц | Семененя И.Н.,лекции | понедельник | 14:40 | 15:40 | син | семененя игорь николаевич | физиология мышц,СИН | Семененя Игорь Николаевич | Николаевич | С И Н,,СИН | 2026-11-09, | Понедельник | 14:40-15:40
L0086,Лекции,2026-11-11,Среда,12:50,13:50,однократно,Лечебный / Педиатрический / МФИУ,,Леч/Пед/МФИУ,RU,,,Леч/Пед/МФИУ,ТП,Голодок Татьяна Петровна,Голодок Татьяна Петровна,,,Физиология мышц,,Сводка_лекций_осень_2026.xlsx,86.0,11.11.2026 | 12.50-13.50 | Леч/Пед/МФИУ | Физиология мышц | Голодок Т.П.,лекции | среда | 12:50 | 13:50 | тп | голодок татьяна павловна | физиология мышц,ТП | Голодок Татьяна Павловна | Павловна | Г Т П,,ТП | 2026-11-11, | Среда | 12:50-13:50
L0087,Лекции,2026-11-12,Четверг,12:00,13:00,однократно,Лечебный / Педиатрический / МФИУ,,Леч/Пед/МФИУ,RU,,,Леч/Пед/МФИУ,СИН,Семененя Игорь Николаевич,Семененя Игорь Николаевич,,,Физиология мышц,,Сводка_лекций_осень_2026.xlsx,87.0,12.11.2026 | 12.00-13.00 | Леч/Пед/МФИУ | Физиология мышц | Семененя И.Н.,лекции | четверг | 12:00 | 13:00 | син | семененя игорь николаевич | физиология мышц,СИН | Семененя Игорь Николаевич | Николаевич | С И Н,,СИН | 2026-11-12, | Четверг | 12:00-13:00
L0088,Лекции,2026-11-13,Пятница,09:35,10:35,однократно,Фармацевтический факультет,,Фармация,RU,,,Фармация,АГ,Чабан Алла Геннадьевна,Чабан Алла Геннадьевна,,,"Мышечные ткани: виды, строение, функции. Скелетные, гладкие мышечные ткани",,Сводка_лекций_осень_2026.xlsx,88.0,"13.11.2026 | 09.35-10.35 | Фармация | Мышечные ткани: виды, строение, функции. Скелетные, гладкие мышечные ткани | Чабан А.Г.","лекции | пятница | 09:35 | 10:35 | аг | чабан анна геннадьевна | мышечные ткани: виды, строение, функции. скелетные, гладкие мышечные ткани",АГ | Чабан Анна Геннадьевна | Геннадьевна | Ч А Г,,АГ | 2026-11-13, | Пятница | 09:35-10:35
L0089,Лекции,2026-11-13,Пятница,13:05,14:05,однократно,Медико-профилактический факультет,,МПФ,RU,,,МПФ,АГ,Чабан Алла Геннадьевна,Чабан Алла Геннадьевна,,,Физиология терморегуляции,,Сводка_лекций_осень_2026.xlsx,89.0,13.11.2026 | 13.05-14.05 | МПФ | Физиология терморегуляции | Чабан А.Г.,лекции | пятница | 13:05 | 14:05 | аг | чабан анна геннадьевна | физиология терморегуляции,АГ | Чабан Анна Геннадьевна | Геннадьевна | Ч А Г,,АГ | 2026-11-13, | Пятница | 13:05-14:05
L0090,Лекции,2026-11-17,Вторник,10:25,11:25,однократно,Лечебный / Педиатрический / МФИУ,,"Леч (General Medicine, англ.)",EN,,,"Леч (General Medicine, англ.)",ТГ,Северина Татьяна Геннадьевна,Северина Татьяна Геннадьевна,,,Physiology of the CNS. Systemic mechanisms of muscle tone and movement regulation,,Сводка_лекций_осень_2026.xlsx,90.0,"17.11.2026 | 10.25-11.25 | Леч (General Medicine, англ.) | Physiology of the CNS. Systemic mechanisms of muscle tone and movement regulation | Северина Т.Г.",лекции | вторник | 10:25 | 11:25 | тг | северина татьяна геннадьевна | physiology of the cns. systemic mechanisms of muscle tone and movement regulation,ТГ | Северина Татьяна Геннадьевна | Геннадьевна | С Т Г,,ТГ | 2026-11-17, | Вторник | 10:25-11:25
L0091,Лекции,2026-11-17,Вторник,13:10,14:10,однократно,Стоматологический факультет,,Стоматология,RU,,,Стоматология,ВИВ,Власенко Василий Иванович,Власенко Василий Иванович,,,Обмен веществ и энергии. Терморегуляция,,Сводка_лекций_осень_2026.xlsx,91.0,17.11.2026 | 13.10-14.10 | Стоматология | Обмен веществ и энергии. Терморегуляция | Власенко В.И.,лекции | вторник | 13:10 | 14:10 | вив | власенко виктория ивановна | обмен веществ и энергии. терморегуляция,ВИВ | Власенко Василий Иванович | Ивановна | В В И,,ВИВ | 2026-11-17, | Вторник | 13:10-14:10
L0092,Лекции,2026-11-18,Среда,10:25,11:25,однократно,Стоматологический факультет,,Стоматология,RU,,,Стоматология,ФВН,Фоменко Виктор Николаевич,Фоменко Виктор Николаевич,,,Интегративные функции мозга,,Сводка_лекций_осень_2026.xlsx,92.0,18.11.2026 | 10.25-11.25 | Стоматология | Интегративные функции мозга | Фоменко В.Н.,лекции | среда | 10:25 | 11:25 | фвн | фоменко виктор николаевич | интегративные функции мозга,ФВН | Фоменко Виктор Николаевич | Николаевич | Ф В Н,,ФВН | 2026-11-18, | Среда | 10:25-11:25
L0093,Лекции,2026-11-18,Среда,11:35,12:35,однократно,Лечебный / Педиатрический / МФИУ,,"Леч (General Medicine, англ.)",EN,,,"Леч (General Medicine, англ.)",ТГ,Северина Татьяна Геннадьевна,Северина Татьяна Геннадьевна,,,Physiology of the CNS. Systemic mechanisms of muscle tone and movement regulation,,Сводка_лекций_осень_2026.xlsx,93.0,"18.11.2026 | 11.35-12.35 | Леч (General Medicine, англ.) | Physiology of the CNS. Systemic mechanisms of muscle tone and movement regulation | Северина Т.Г.",лекции | среда | 11:35 | 12:35 | тг | северина татьяна геннадьевна | physiology of the cns. systemic mechanisms of muscle tone and movement regulation,ТГ | Северина Татьяна Геннадьевна | Геннадьевна | С Т Г,,ТГ | 2026-11-18, | Среда | 11:35-12:35
L0094,Лекции,2026-11-19,Четверг,13:10,14:10,однократно,Стоматологический факультет,,Стоматология,RU,,,Стоматология,ТП,Голодок Татьяна Петровна,Голодок Татьяна Петровна,,,Физиология выделения,,Сводка_лекций_осень_2026.xlsx,94.0,19.11.2026 | 13.10-14.10 | Стоматология | Физиология выделения | Голодок Т.П.,лекции | четверг | 13:10 | 14:10 | тп | голодок татьяна павловна | физиология выделения,ТП | Голодок Татьяна Павловна | Павловна | Г Т П,,ТП | 2026-11-19, | Четверг | 13:10-14:10
L0095,Лекции,2026-11-20,Пятница,12:00,13:00,однократно,Стоматологический факультет,,Стоматология (англ.),EN,,,Стоматология (англ.),ФВН,Фоменко Виктор Николаевич,Фоменко Виктор Николаевич,,,Integral brain activity,,Сводка_лекций_осень_2026.xlsx,95.0,20.11.2026 | 12.00-13.00 | Стоматология (англ.) | Integral brain activity | Фоменко В.Н.,лекции | пятница | 12:00 | 13:00 | фвн | фоменко виктор николаевич | integral brain activity,ФВН | Фоменко Виктор Николаевич | Николаевич | Ф В Н,,ФВН | 2026-11-20, | Пятница | 12:00-13:00
L0096,Лекции,2026-11-20,Пятница,13:05,14:05,однократно,Медико-профилактический факультет,,МПФ,RU,,,МПФ,ТП,Голодок Татьяна Петровна,Голодок Татьяна Петровна,,,Физиология выделения,,Сводка_лекций_осень_2026.xlsx,96.0,20.11.2026 | 13.05-14.05 | МПФ | Физиология выделения | Голодок Т.П.,лекции | пятница | 13:05 | 14:05 | тп | голодок татьяна павловна | физиология выделения,ТП | Голодок Татьяна Павловна | Павловна | Г Т П,,ТП | 2026-11-20, | Пятница | 13:05-14:05
L0097,Лекции,2026-11-23,Понедельник,10:40,11:40,однократно,Лечебный / Педиатрический / МФИУ,,Леч/Пед/МФИУ,RU,,,Леч/Пед/МФИУ,ДА,Александров Денис Александрович,Александров Денис Александрович,,,Физиология ЦНС. Системные механизмы регуляции тонуса мышц и движений,,Сводка_лекций_осень_2026.xlsx,97.0,23.11.2026 | 10.40-11.40 | Леч/Пед/МФИУ | Физиология ЦНС. Системные механизмы регуляции тонуса мышц и движений | Александров Д.А.,лекции | понедельник | 10:40 | 11:40 | да | александров денис александрович | физиология цнс. системные механизмы регуляции тонуса мышц и движений,ДА | Александров Денис Александрович | Александрович | А Д А,,ДА | 2026-11-23, | Понедельник | 10:40-11:40
L0098,Лекции,2026-11-23,Понедельник,12:30,13:30,однократно,Лечебный / Педиатрический / МФИУ,,Леч/Пед/МФИУ,RU,,,Леч/Пед/МФИУ,ГАЛ,Григорьян Анастасия Леонтьевна,Григорьян Анастасия Леонтьевна,,,Физиология ЦНС. Системные механизмы регуляции тонуса мышц и движений,,Сводка_лекций_осень_2026.xlsx,98.0,23.11.2026 | 12.30-13.30 | Леч/Пед/МФИУ | Физиология ЦНС. Системные механизмы регуляции тонуса мышц и движений | Григорьян А.Л.,лекции | понедельник | 12:30 | 13:30 | гал | григорьян анастасия леонтьевна | физиология цнс. системные механизмы регуляции тонуса мышц и движений,ГАЛ | Григорьян Анастасия Леонтьевна | Леонтьевна | Г А Л,,ГАЛ | 2026-11-23, | Понедельник | 12:30-13:30
L0099,Лекции,2026-11-23,Понедельник,14:40,15:40,однократно,Лечебный / Педиатрический / МФИУ,,Леч/Пед/МФИУ,RU,,,Леч/Пед/МФИУ,СИН,Семененя Игорь Николаевич,Семененя Игорь Николаевич,,,Физиология ЦНС. Системные механизмы регуляции тонуса мышц и движений,,Сводка_лекций_осень_2026.xlsx,99.0,23.11.2026 | 14.40-15.40 | Леч/Пед/МФИУ | Физиология ЦНС. Системные механизмы регуляции тонуса мышц и движений | Семененя И.Н.,лекции | понедельник | 14:40 | 15:40 | син | семененя игорь николаевич | физиология цнс. системные механизмы регуляции тонуса мышц и движений,СИН | Семененя Игорь Николаевич | Николаевич | С И Н,,СИН | 2026-11-23, | Понедельник | 14:40-15:40
L0100,Лекции,2026-11-24,Вторник,13:10,14:10,однократно,Стоматологический факультет,,Стоматология,RU,,,Стоматология,ВИВ,Власенко Василий Иванович,Власенко Василий Иванович,,,Физиология выделения,,Сводка_лекций_осень_2026.xlsx,100.0,24.11.2026 | 13.10-14.10 | Стоматология | Физиология выделения | Власенко В.И.,лекции | вторник | 13:10 | 14:10 | вив | власенко виктория ивановна | физиология выделения,ВИВ | Власенко Василий Иванович | Ивановна | В В И,,ВИВ | 2026-11-24, | Вторник | 13:10-14:10
L0101,Лекции,2026-11-24,Вторник,13:45,14:45,однократно,Лечебный / Педиатрический / МФИУ,,Леч/Пед/МФИУ,RU,,,Леч/Пед/МФИУ,ДА,Александров Денис Александрович,Александров Денис Александрович,,,Физиология ЦНС. Системные механизмы регуляции тонуса мышц и движений,,Сводка_лекций_осень_2026.xlsx,101.0,24.11.2026 | 13.45-14.45 | Леч/Пед/МФИУ | Физиология ЦНС. Системные механизмы регуляции тонуса мышц и движений | Александров Д.А.,лекции | вторник | 13:45 | 14:45 | да | александров денис александрович | физиология цнс. системные механизмы регуляции тонуса мышц и движений,ДА | Александров Денис Александрович | Александрович | А Д А,,ДА | 2026-11-24, | Вторник | 13:45-14:45
L0102,Лекции,2026-11-25,Среда,12:50,13:50,однократно,Лечебный / Педиатрический / МФИУ,,Леч/Пед/МФИУ,RU,,,Леч/Пед/МФИУ,ГАЛ,Григорьян Анастасия Леонтьевна,Григорьян Анастасия Леонтьевна,,,Физиология ЦНС. Системные механизмы регуляции тонуса мышц и движений,,Сводка_лекций_осень_2026.xlsx,102.0,25.11.2026 | 12.50-13.50 | Леч/Пед/МФИУ | Физиология ЦНС. Системные механизмы регуляции тонуса мышц и движений | Григорьян А.Л.,лекции | среда | 12:50 | 13:50 | гал | григорьян анастасия леонтьевна | физиология цнс. системные механизмы регуляции тонуса мышц и движений,ГАЛ | Григорьян Анастасия Леонтьевна | Леонтьевна | Г А Л,,ГАЛ | 2026-11-25, | Среда | 12:50-13:50
L0103,Лекции,2026-11-26,Четверг,12:00,13:00,однократно,Лечебный / Педиатрический / МФИУ,,Леч/Пед/МФИУ,RU,,,Леч/Пед/МФИУ,СИН,Семененя Игорь Николаевич,Семененя Игорь Николаевич,,,Физиология ЦНС. Системные механизмы регуляции тонуса мышц и движений,,Сводка_лекций_осень_2026.xlsx,103.0,26.11.2026 | 12.00-13.00 | Леч/Пед/МФИУ | Физиология ЦНС. Системные механизмы регуляции тонуса мышц и движений | Семененя И.Н.,лекции | четверг | 12:00 | 13:00 | син | семененя игорь николаевич | физиология цнс. системные механизмы регуляции тонуса мышц и движений,СИН | Семененя Игорь Николаевич | Николаевич | С И Н,,СИН | 2026-11-26, | Четверг | 12:00-13:00
L0104,Лекции,2026-11-27,Пятница,09:35,10:35,однократно,Фармацевтический факультет,,Фармация,RU,,,Фармация,ДА,Александров Денис Александрович,Александров Денис Александрович,,,Общая физиология центральной нервной системы. Нервные центры. Рефлекторная теория,,Сводка_лекций_осень_2026.xlsx,104.0,27.11.2026 | 09.35-10.35 | Фармация | Общая физиология центральной нервной системы. Нервные центры. Рефлекторная теория | Александров Д.А.,лекции | пятница | 09:35 | 10:35 | да | александров денис александрович | общая физиология центральной нервной системы. нервные центры. рефлекторная теория,ДА | Александров Денис Александрович | Александрович | А Д А,,ДА | 2026-11-27, | Пятница | 09:35-10:35
L0105,Лекции,2026-11-27,Пятница,08:00,09:00,однократно,Лечебный / Педиатрический / МФИУ,,Леч/Пед/МФИУ,RU,,,Леч/Пед/МФИУ,ВИВ,Власенко Василий Иванович,Власенко Василий Иванович,,,Физиология ЦНС. Системные механизмы регуляции тонуса мышц и движений,,Сводка_лекций_осень_2026.xlsx,105.0,27.11.2026 | 8.00-9.00 | Леч/Пед/МФИУ | Физиология ЦНС. Системные механизмы регуляции тонуса мышц и движений | Власенко В.И.,лекции | пятница | 8:00 | 9:00 | вив | власенко виктория ивановна | физиология цнс. системные механизмы регуляции тонуса мышц и движений,ВИВ | Власенко Василий Иванович | Ивановна | В В И,,ВИВ | 2026-11-27, | Пятница | 8:00-9:00
L0106,Лекции,2026-12-01,Вторник,10:25,11:25,однократно,Лечебный / Педиатрический / МФИУ,,"Леч (General Medicine, англ.)",EN,,,"Леч (General Medicine, англ.)",ТГ,Северина Татьяна Геннадьевна,Северина Татьяна Геннадьевна,,,Physiology of the visual sensory system,,Сводка_лекций_осень_2026.xlsx,106.0,"01.12.2026 | 10.25-11.25 | Леч (General Medicine, англ.) | Physiology of the visual sensory system | Северина Т.Г.",лекции | вторник | 10:25 | 11:25 | тг | северина татьяна геннадьевна | physiology of the visual sensory system,ТГ | Северина Татьяна Геннадьевна | Геннадьевна | С Т Г,,ТГ | 2026-12-01, | Вторник | 10:25-11:25
L0107,Лекции,2026-12-03,Четверг,13:10,14:10,однократно,Стоматологический факультет,,Стоматология,RU,,,Стоматология,ФВН,Фоменко Виктор Николаевич,Фоменко Виктор Николаевич,,,Физиология сенсорных систем,,Сводка_лекций_осень_2026.xlsx,107.0,03.12.2026 | 13.10-14.10 | Стоматология | Физиология сенсорных систем | Фоменко В.Н.,лекции | четверг | 13:10 | 14:10 | фвн | фоменко виктор николаевич | физиология сенсорных систем,ФВН | Фоменко Виктор Николаевич | Николаевич | Ф В Н,,ФВН | 2026-12-03, | Четверг | 13:10-14:10
L0108,Лекции,2026-12-04,Пятница,13:05,14:05,однократно,Медико-профилактический факультет,,МПФ,RU,,,МПФ,ВИВ,Власенко Василий Иванович,Власенко Василий Иванович,,,Физиология сенсорных систем. Зрительная система,,Сводка_лекций_осень_2026.xlsx,108.0,04.12.2026 | 13.05-14.05 | МПФ | Физиология сенсорных систем. Зрительная система | Власенко В.И.,лекции | пятница | 13:05 | 14:05 | вив | власенко виктория ивановна | физиология сенсорных систем. зрительная система,ВИВ | Власенко Василий Иванович | Ивановна | В В И,,ВИВ | 2026-12-04, | Пятница | 13:05-14:05
L0109,Лекции,2026-12-04,Пятница,08:00,09:00,однократно,Лечебный / Педиатрический / МФИУ,,Леч/Пед/МФИУ,RU,,,Леч/Пед/МФИУ,ВИВ,Власенко Василий Иванович,Власенко Василий Иванович,,,Физиология зрительной сенсорной системы,,Сводка_лекций_осень_2026.xlsx,109.0,04.12.2026 | 8.00-9.00 | Леч/Пед/МФИУ | Физиология зрительной сенсорной системы | Власенко В.И.,лекции | пятница | 8:00 | 9:00 | вив | власенко виктория ивановна | физиология зрительной сенсорной системы,ВИВ | Власенко Василий Иванович | Ивановна | В В И,,ВИВ | 2026-12-04, | Пятница | 8:00-9:00
L0110,Лекции,2026-12-08,Вторник,13:10,14:10,однократно,Стоматологический факультет,,Стоматология,RU,,,Стоматология,ДА,Александров Денис Александрович,Александров Денис Александрович,,,Физиология сенсорных систем,,Сводка_лекций_осень_2026.xlsx,110.0,08.12.2026 | 13.10-14.10 | Стоматология | Физиология сенсорных систем | Александров Д.А.,лекции | вторник | 13:10 | 14:10 | да | александров денис александрович | физиология сенсорных систем,ДА | Александров Денис Александрович | Александрович | А Д А,,ДА | 2026-12-08, | Вторник | 13:10-14:10
L0111,Лекции,2026-12-09,Среда,11:35,12:35,однократно,Лечебный / Педиатрический / МФИУ,,"Леч (General Medicine, англ.)",EN,,,"Леч (General Medicine, англ.)",ТГ,Северина Татьяна Геннадьевна,Северина Татьяна Геннадьевна,,,Physiology of the visual sensory system,,Сводка_лекций_осень_2026.xlsx,111.0,"09.12.2026 | 11.35-12.35 | Леч (General Medicine, англ.) | Physiology of the visual sensory system | Северина Т.Г.",лекции | среда | 11:35 | 12:35 | тг | северина татьяна геннадьевна | physiology of the visual sensory system,ТГ | Северина Татьяна Геннадьевна | Геннадьевна | С Т Г,,ТГ | 2026-12-09, | Среда | 11:35-12:35
L0112,Лекции,2026-12-11,Пятница,09:35,10:35,однократно,Фармацевтический факультет,,Фармация,RU,,,Фармация,ПВА,Переверзев Владимир Алексеевич,Переверзев Владимир Алексеевич,,,"Автономная (вегетативная) нервная система: строение, функции, механизм управления работой внутренних органов. Вегетативные рефлексы",,Сводка_лекций_осень_2026.xlsx,112.0,"11.12.2026 | 09.35-10.35 | Фармация | Автономная (вегетативная) нервная система: строение, функции, механизм управления работой внутренних органов. Вегетативные рефлексы | Переверзев В.А.","лекции | пятница | 09:35 | 10:35 | пва | переверзев владимир алексеевич | автономная (вегетативная) нервная система: строение, функции, механизм управления работой внутренних органов. вегетативные рефлексы",ПВА | Переверзев Владимир Алексеевич | Алексеевич | П В А,,ПВА | 2026-12-11, | Пятница | 09:35-10:35
L0113,Лекции,2026-12-11,Пятница,13:05,14:05,однократно,Медико-профилактический факультет,,МПФ,RU,,,МПФ,ТП,Голодок Татьяна Петровна,Голодок Татьяна Петровна,,,Физиология слуховой и вестибулярной сенсорных систем,,Сводка_лекций_осень_2026.xlsx,113.0,11.12.2026 | 13.05-14.05 | МПФ | Физиология слуховой и вестибулярной сенсорных систем | Голодок Т.П.,лекции | пятница | 13:05 | 14:05 | тп | голодок татьяна павловна | физиология слуховой и вестибулярной сенсорных систем,ТП | Голодок Татьяна Павловна | Павловна | Г Т П,,ТП | 2026-12-11, | Пятница | 13:05-14:05
L0114,Лекции,2026-12-11,Пятница,08:00,09:00,однократно,Лечебный / Педиатрический / МФИУ,,Леч/Пед/МФИУ,RU,,,Леч/Пед/МФИУ,ТП,Голодок Татьяна Петровна,Голодок Татьяна Петровна,,,Физиология слуховой и вестибулярной сенсорных систем,,Сводка_лекций_осень_2026.xlsx,114.0,11.12.2026 | 8.00-9.00 | Леч/Пед/МФИУ | Физиология слуховой и вестибулярной сенсорных систем | Голодок Т.П.,лекции | пятница | 8:00 | 9:00 | тп | голодок татьяна павловна | физиология слуховой и вестибулярной сенсорных систем,ТП | Голодок Татьяна Павловна | Павловна | Г Т П,,ТП | 2026-12-11, | Пятница | 8:00-9:00
L0115,Лекции,2026-12-14,Понедельник,10:40,11:40,однократно,Лечебный / Педиатрический / МФИУ,,Леч/Пед/МФИУ,RU,,,Леч/Пед/МФИУ,ДА,Александров Денис Александрович,Александров Денис Александрович,,,Физиология зрительной сенсорной системы,,Сводка_лекций_осень_2026.xlsx,115.0,14.12.2026 | 10.40-11.40 | Леч/Пед/МФИУ | Физиология зрительной сенсорной системы | Александров Д.А.,лекции | понедельник | 10:40 | 11:40 | да | александров денис александрович | физиология зрительной сенсорной системы,ДА | Александров Денис Александрович | Александрович | А Д А,,ДА | 2026-12-14, | Понедельник | 10:40-11:40
L0116,Лекции,2026-12-14,Понедельник,12:30,13:30,однократно,Лечебный / Педиатрический / МФИУ,,Леч/Пед/МФИУ,RU,,,Леч/Пед/МФИУ,ГАЛ,Григорьян Анастасия Леонтьевна,Григорьян Анастасия Леонтьевна,,,Физиология зрительной сенсорной системы,,Сводка_лекций_осень_2026.xlsx,116.0,14.12.2026 | 12.30-13.30 | Леч/Пед/МФИУ | Физиология зрительной сенсорной системы | Григорьян А.Л.,лекции | понедельник | 12:30 | 13:30 | гал | григорьян анастасия леонтьевна | физиология зрительной сенсорной системы,ГАЛ | Григорьян Анастасия Леонтьевна | Леонтьевна | Г А Л,,ГАЛ | 2026-12-14, | Понедельник | 12:30-13:30
L0117,Лекции,2026-12-14,Понедельник,14:40,15:40,однократно,Лечебный / Педиатрический / МФИУ,,Леч/Пед/МФИУ,RU,,,Леч/Пед/МФИУ,ФВН,Фоменко Виктор Николаевич,Фоменко Виктор Николаевич,,,Физиология зрительной сенсорной системы,,Сводка_лекций_осень_2026.xlsx,117.0,14.12.2026 | 14.40-15.40 | Леч/Пед/МФИУ | Физиология зрительной сенсорной системы | Фоменко В.Н.,лекции | понедельник | 14:40 | 15:40 | фвн | фоменко виктор николаевич | физиология зрительной сенсорной системы,ФВН | Фоменко Виктор Николаевич | Николаевич | Ф В Н,,ФВН | 2026-12-14, | Понедельник | 14:40-15:40
L0118,Лекции,2026-12-15,Вторник,10:25,11:25,однократно,Лечебный / Педиатрический / МФИУ,,"Леч (General Medicine, англ.)",EN,,,"Леч (General Medicine, англ.)",ТГ,Северина Татьяна Геннадьевна,Северина Татьяна Геннадьевна,,,Physiology of the auditory and vestibular sensory systems,,Сводка_лекций_осень_2026.xlsx,118.0,"15.12.2026 | 10.25-11.25 | Леч (General Medicine, англ.) | Physiology of the auditory and vestibular sensory systems | Северина Т.Г.",лекции | вторник | 10:25 | 11:25 | тг | северина татьяна геннадьевна | physiology of the auditory and vestibular sensory systems,ТГ | Северина Татьяна Геннадьевна | Геннадьевна | С Т Г,,ТГ | 2026-12-15, | Вторник | 10:25-11:25
L0119,Лекции,2026-12-15,Вторник,13:10,14:10,однократно,Стоматологический факультет,,Стоматология,RU,,,Стоматология,ВИВ,Власенко Василий Иванович,Власенко Василий Иванович,,,Интегративные функции мозга,,Сводка_лекций_осень_2026.xlsx,119.0,15.12.2026 | 13.10-14.10 | Стоматология | Интегративные функции мозга | Власенко В.И.,лекции | вторник | 13:10 | 14:10 | вив | власенко виктория ивановна | интегративные функции мозга,ВИВ | Власенко Василий Иванович | Ивановна | В В И,,ВИВ | 2026-12-15, | Вторник | 13:10-14:10
L0120,Лекции,2026-12-15,Вторник,13:45,14:45,однократно,Лечебный / Педиатрический / МФИУ,,Леч/Пед/МФИУ,RU,,,Леч/Пед/МФИУ,ДА,Александров Денис Александрович,Александров Денис Александрович,,,Физиология зрительной сенсорной системы,,Сводка_лекций_осень_2026.xlsx,120.0,15.12.2026 | 13.45-14.45 | Леч/Пед/МФИУ | Физиология зрительной сенсорной системы | Александров Д.А.,лекции | вторник | 13:45 | 14:45 | да | александров денис александрович | физиология зрительной сенсорной системы,ДА | Александров Денис Александрович | Александрович | А Д А,,ДА | 2026-12-15, | Вторник | 13:45-14:45
L0121,Лекции,2026-12-16,Среда,11:35,12:35,однократно,Лечебный / Педиатрический / МФИУ,,"Леч (General Medicine, англ.)",EN,,,"Леч (General Medicine, англ.)",ТГ,Северина Татьяна Геннадьевна,Северина Татьяна Геннадьевна,,,Physiology of the auditory and vestibular sensory systems,,Сводка_лекций_осень_2026.xlsx,121.0,"16.12.2026 | 11.35-12.35 | Леч (General Medicine, англ.) | Physiology of the auditory and vestibular sensory systems | Северина Т.Г.",лекции | среда | 11:35 | 12:35 | тг | северина татьяна геннадьевна | physiology of the auditory and vestibular sensory systems,ТГ | Северина Татьяна Геннадьевна | Геннадьевна | С Т Г,,ТГ | 2026-12-16, | Среда | 11:35-12:35
L0122,Лекции,2026-12-16,Среда,12:50,13:50,однократно,Лечебный / Педиатрический / МФИУ,,Леч/Пед/МФИУ,RU,,,Леч/Пед/МФИУ,ГАЛ,Григорьян Анастасия Леонтьевна,Григорьян Анастасия Леонтьевна,,,Физиология зрительной сенсорной системы,,Сводка_лекций_осень_2026.xlsx,122.0,16.12.2026 | 12.50-13.50 | Леч/Пед/МФИУ | Физиология зрительной сенсорной системы | Григорьян А.Л.,лекции | среда | 12:50 | 13:50 | гал | григорьян анастасия леонтьевна | физиология зрительной сенсорной системы,ГАЛ | Григорьян Анастасия Леонтьевна | Леонтьевна | Г А Л,,ГАЛ | 2026-12-16, | Среда | 12:50-13:50
L0123,Лекции,2026-12-17,Четверг,12:00,13:00,однократно,Лечебный / Педиатрический / МФИУ,,Леч/Пед/МФИУ,RU,,,Леч/Пед/МФИУ,ФВН,Фоменко Виктор Николаевич,Фоменко Виктор Николаевич,,,Физиология зрительной сенсорной системы,,Сводка_лекций_осень_2026.xlsx,123.0,17.12.2026 | 12.00-13.00 | Леч/Пед/МФИУ | Физиология зрительной сенсорной системы | Фоменко В.Н.,лекции | четверг | 12:00 | 13:00 | фвн | фоменко виктор николаевич | физиология зрительной сенсорной системы,ФВН | Фоменко Виктор Николаевич | Николаевич | Ф В Н,,ФВН | 2026-12-17, | Четверг | 12:00-13:00
L0124,Лекции,2026-12-17,Четверг,13:10,14:10,однократно,Стоматологический факультет,,Стоматология,RU,,,Стоматология,ФВН,Фоменко Виктор Николаевич,Фоменко Виктор Николаевич,,,Интегративные функции мозга,,Сводка_лекций_осень_2026.xlsx,124.0,17.12.2026 | 13.10-14.10 | Стоматология | Интегративные функции мозга | Фоменко В.Н.,лекции | четверг | 13:10 | 14:10 | фвн | фоменко виктор николаевич | интегративные функции мозга,ФВН | Фоменко Виктор Николаевич | Николаевич | Ф В Н,,ФВН | 2026-12-17, | Четверг | 13:10-14:10
L0125,Лекции,2026-12-18,Пятница,13:05,14:05,однократно,Медико-профилактический факультет,,МПФ,RU,,,МПФ,ВИВ,Власенко Василий Иванович,Власенко Василий Иванович,,,Физиология высшей нервной деятельности,,Сводка_лекций_осень_2026.xlsx,125.0,18.12.2026 | 13.05-14.05 | МПФ | Физиология высшей нервной деятельности | Власенко В.И.,лекции | пятница | 13:05 | 14:05 | вив | власенко виктория ивановна | физиология высшей нервной деятельности,ВИВ | Власенко Василий Иванович | Ивановна | В В И,,ВИВ | 2026-12-18, | Пятница | 13:05-14:05
L0126,Лекции,2026-12-18,Пятница,08:00,09:00,однократно,Лечебный / Педиатрический / МФИУ,,Леч/Пед/МФИУ,RU,,,Леч/Пед/МФИУ,ВИВ,Власенко Василий Иванович,Власенко Василий Иванович,,,Гемодинамика. Функциональные показатели кровообращения,,Сводка_лекций_осень_2026.xlsx,126.0,18.12.2026 | 8.00-9.00 | Леч/Пед/МФИУ | Гемодинамика. Функциональные показатели кровообращения | Власенко В.И.,лекции | пятница | 8:00 | 9:00 | вив | власенко виктория ивановна | гемодинамика. функциональные показатели кровообращения,ВИВ | Власенко Василий Иванович | Ивановна | В В И,,ВИВ | 2026-12-18, | Пятница | 8:00-9:00
L0127,Лекции,2026-12-21,Понедельник,10:40,11:40,однократно,Лечебный / Педиатрический / МФИУ,,Леч/Пед/МФИУ,RU,,,Леч/Пед/МФИУ,ДА,Александров Денис Александрович,Александров Денис Александрович,,,Физиология слуховой и вестибулярной сенсорных систем,,Сводка_лекций_осень_2026.xlsx,127.0,21.12.2026 | 10.40-11.40 | Леч/Пед/МФИУ | Физиология слуховой и вестибулярной сенсорных систем | Александров Д.А.,лекции | понедельник | 10:40 | 11:40 | да | александров денис александрович | физиология слуховой и вестибулярной сенсорных систем,ДА | Александров Денис Александрович | Александрович | А Д А,,ДА | 2026-12-21, | Понедельник | 10:40-11:40
L0128,Лекции,2026-12-21,Понедельник,12:30,13:30,однократно,Лечебный / Педиатрический / МФИУ,,Леч/Пед/МФИУ,RU,,,Леч/Пед/МФИУ,ВИВ,Власенко Василий Иванович,Власенко Василий Иванович,,,Физиология слуховой и вестибулярной сенсорных систем,,Сводка_лекций_осень_2026.xlsx,128.0,21.12.2026 | 12.30-13.30 | Леч/Пед/МФИУ | Физиология слуховой и вестибулярной сенсорных систем | Власенко В.И.,лекции | понедельник | 12:30 | 13:30 | вив | власенко виктория ивановна | физиология слуховой и вестибулярной сенсорных систем,ВИВ | Власенко Василий Иванович | Ивановна | В В И,,ВИВ | 2026-12-21, | Понедельник | 12:30-13:30
L0129,Лекции,2026-12-21,Понедельник,14:40,15:40,однократно,Лечебный / Педиатрический / МФИУ,,Леч/Пед/МФИУ,RU,,,Леч/Пед/МФИУ,СИН,Семененя Игорь Николаевич,Семененя Игорь Николаевич,,,Физиология слуховой и вестибулярной сенсорных систем,,Сводка_лекций_осень_2026.xlsx,129.0,21.12.2026 | 14.40-15.40 | Леч/Пед/МФИУ | Физиология слуховой и вестибулярной сенсорных систем | Семененя И.Н.,лекции | понедельник | 14:40 | 15:40 | син | семененя игорь николаевич | физиология слуховой и вестибулярной сенсорных систем,СИН | Семененя Игорь Николаевич | Николаевич | С И Н,,СИН | 2026-12-21, | Понедельник | 14:40-15:40
L0130,Лекции,2026-12-22,Вторник,10:25,11:25,однократно,Лечебный / Педиатрический / МФИУ,,"Леч (General Medicine, англ.)",EN,,,"Леч (General Medicine, англ.)",ТГ,Северина Татьяна Геннадьевна,Северина Татьяна Геннадьевна,,,Hemodynamics. Blood flow indices,,Сводка_лекций_осень_2026.xlsx,130.0,"22.12.2026 | 10.25-11.25 | Леч (General Medicine, англ.) | Hemodynamics. Blood flow indices | Северина Т.Г.",лекции | вторник | 10:25 | 11:25 | тг | северина татьяна геннадьевна | hemodynamics. blood flow indices,ТГ | Северина Татьяна Геннадьевна | Геннадьевна | С Т Г,,ТГ | 2026-12-22, | Вторник | 10:25-11:25
L0131,Лекции,2026-12-22,Вторник,13:45,14:45,однократно,Лечебный / Педиатрический / МФИУ,,Леч/Пед/МФИУ,RU,,,Леч/Пед/МФИУ,ДА,Александров Денис Александрович,Александров Денис Александрович,,,Физиология слуховой и вестибулярной сенсорных систем,,Сводка_лекций_осень_2026.xlsx,131.0,22.12.2026 | 13.45-14.45 | Леч/Пед/МФИУ | Физиология слуховой и вестибулярной сенсорных систем | Александров Д.А.,лекции | вторник | 13:45 | 14:45 | да | александров денис александрович | физиология слуховой и вестибулярной сенсорных систем,ДА | Александров Денис Александрович | Александрович | А Д А,,ДА | 2026-12-22, | Вторник | 13:45-14:45
L0132,Лекции,2026-12-23,Среда,11:35,12:35,однократно,Лечебный / Педиатрический / МФИУ,,"Леч (General Medicine, англ.)",EN,,,"Леч (General Medicine, англ.)",ТГ,Северина Татьяна Геннадьевна,Северина Татьяна Геннадьевна,,,Hemodynamics. Blood flow indices,,Сводка_лекций_осень_2026.xlsx,132.0,"23.12.2026 | 11.35-12.35 | Леч (General Medicine, англ.) | Hemodynamics. Blood flow indices | Северина Т.Г.",лекции | среда | 11:35 | 12:35 | тг | северина татьяна геннадьевна | hemodynamics. blood flow indices,ТГ | Северина Татьяна Геннадьевна | Геннадьевна | С Т Г,,ТГ | 2026-12-23, | Среда | 11:35-12:35
L0133,Лекции,2026-12-23,Среда,12:50,13:50,однократно,Лечебный / Педиатрический / МФИУ,,Леч/Пед/МФИУ,RU,,,Леч/Пед/МФИУ,ТП,Голодок Татьяна Петровна,Голодок Татьяна Петровна,,,Физиология слуховой и вестибулярной сенсорных систем,,Сводка_лекций_осень_2026.xlsx,133.0,23.12.2026 | 12.50-13.50 | Леч/Пед/МФИУ | Физиология слуховой и вестибулярной сенсорных систем | Голодок Т.П.,лекции | среда | 12:50 | 13:50 | тп | голодок татьяна павловна | физиология слуховой и вестибулярной сенсорных систем,ТП | Голодок Татьяна Павловна | Павловна | Г Т П,,ТП | 2026-12-23, | Среда | 12:50-13:50
L0134,Лекции,2026-12-24,Четверг,12:00,13:00,однократно,Лечебный / Педиатрический / МФИУ,,Леч/Пед/МФИУ,RU,,,Леч/Пед/МФИУ,СИН,Семененя Игорь Николаевич,Семененя Игорь Николаевич,,,Физиология слуховой и вестибулярной сенсорных систем,,Сводка_лекций_осень_2026.xlsx,134.0,24.12.2026 | 12.00-13.00 | Леч/Пед/МФИУ | Физиология слуховой и вестибулярной сенсорных систем | Семененя И.Н.,лекции | четверг | 12:00 | 13:00 | син | семененя игорь николаевич | физиология слуховой и вестибулярной сенсорных систем,СИН | Семененя Игорь Николаевич | Николаевич | С И Н,,СИН | 2026-12-24, | Четверг | 12:00-13:00
L0135,Лекции,2026-12-28,Понедельник,10:40,11:40,однократно,Лечебный / Педиатрический / МФИУ,,Леч/Пед/МФИУ,RU,,,Леч/Пед/МФИУ,ДА,Александров Денис Александрович,Александров Денис Александрович,,,Гемодинамика. Функциональные показатели кровообращения,,Сводка_лекций_осень_2026.xlsx,135.0,28.12.2026 | 10.40-11.40 | Леч/Пед/МФИУ | Гемодинамика. Функциональные показатели кровообращения | Александров Д.А.,лекции | понедельник | 10:40 | 11:40 | да | александров денис александрович | гемодинамика. функциональные показатели кровообращения,ДА | Александров Денис Александрович | Александрович | А Д А,,ДА | 2026-12-28, | Понедельник | 10:40-11:40
L0136,Лекции,2026-12-28,Понедельник,12:30,13:30,однократно,Лечебный / Педиатрический / МФИУ,,Леч/Пед/МФИУ,RU,,,Леч/Пед/МФИУ,ПТА,Пупа Татьяна Александровна,Пупа Татьяна Александровна,,,Гемодинамика. Функциональные показатели кровообращения,,Сводка_лекций_осень_2026.xlsx,136.0,28.12.2026 | 12.30-13.30 | Леч/Пед/МФИУ | Гемодинамика. Функциональные показатели кровообращения | Пупа Т.А.,лекции | понедельник | 12:30 | 13:30 | пта | пупа татьяна александровна | гемодинамика. функциональные показатели кровообращения,ПТА | Пупа Татьяна Александровна | Александровна | П Т А,,ПТА | 2026-12-28, | Понедельник | 12:30-13:30
L0137,Лекции,2026-12-28,Понедельник,14:40,15:40,однократно,Лечебный / Педиатрический / МФИУ,,Леч/Пед/МФИУ,RU,,,Леч/Пед/МФИУ,СИН,Семененя Игорь Николаевич,Семененя Игорь Николаевич,,,Гемодинамика. Функциональные показатели кровообращения,,Сводка_лекций_осень_2026.xlsx,137.0,28.12.2026 | 14.40-15.40 | Леч/Пед/МФИУ | Гемодинамика. Функциональные показатели кровообращения | Семененя И.Н.,лекции | понедельник | 14:40 | 15:40 | син | семененя игорь николаевич | гемодинамика. функциональные показатели кровообращения,СИН | Семененя Игорь Николаевич | Николаевич | С И Н,,СИН | 2026-12-28, | Понедельник | 14:40-15:40
L0138,Лекции,2026-12-29,Вторник,13:45,14:45,однократно,Лечебный / Педиатрический / МФИУ,,Леч/Пед/МФИУ,RU,,,Леч/Пед/МФИУ,ДА,Александров Денис Александрович,Александров Денис Александрович,,,Гемодинамика. Функциональные показатели кровообращения,,Сводка_лекций_осень_2026.xlsx,138.0,29.12.2026 | 13.45-14.45 | Леч/Пед/МФИУ | Гемодинамика. Функциональные показатели кровообращения | Александров Д.А.,лекции | вторник | 13:45 | 14:45 | да | александров денис александрович | гемодинамика. функциональные показатели кровообращения,ДА | Александров Денис Александрович | Александрович | А Д А,,ДА | 2026-12-29, | Вторник | 13:45-14:45
L0139,Лекции,2026-12-30,Среда,12:50,13:50,однократно,Лечебный / Педиатрический / МФИУ,,Леч/Пед/МФИУ,RU,,,Леч/Пед/МФИУ,ВИВ,Власенко Василий Иванович,Власенко Василий Иванович,,,Гемодинамика. Функциональные показатели кровообращения,,Сводка_лекций_осень_2026.xlsx,139.0,30.12.2026 | 12.50-13.50 | Леч/Пед/МФИУ | Гемодинамика. Функциональные показатели кровообращения | Власенко В.И.,лекции | среда | 12:50 | 13:50 | вив | власенко виктория ивановна | гемодинамика. функциональные показатели кровообращения,ВИВ | Власенко Василий Иванович | Ивановна | В В И,,ВИВ | 2026-12-30, | Среда | 12:50-13:50
L0140,Лекции,2026-12-31,Четверг,12:00,13:00,однократно,Лечебный / Педиатрический / МФИУ,,Леч/Пед/МФИУ,RU,,,Леч/Пед/МФИУ,ПТА,Пупа Татьяна Александровна,Пупа Татьяна Александровна,,,Гемодинамика. Функциональные показатели кровообращения,,Сводка_лекций_осень_2026.xlsx,140.0,31.12.2026 | 12.00-13.00 | Леч/Пед/МФИУ | Гемодинамика. Функциональные показатели кровообращения | Пупа Т.А.,лекции | четверг | 12:00 | 13:00 | пта | пупа татьяна александровна | гемодинамика. функциональные показатели кровообращения,ПТА | Пупа Татьяна Александровна | Александровна | П Т А,,ПТА | 2026-12-31, | Четверг | 12:00-13:00
